,symbol,T,bte_3
0,AsBaLi,100,6.490846361
1,AsBaLi,150,4.304061675
2,AsBaLi,200,3.22472403
3,AsBaLi,250,2.579705113
4,AsBaLi,300,2.150322245
5,AsBaLi,350,1.843773855
6,AsBaLi,400,1.613882611
7,AsBaLi,450,1.435060384
8,AsBaLi,500,1.291976053
9,AsBaLi,550,1.174881064
10,AsBaLi,600,1.077279054
11,AsBaLi,650,0.9946733973
12,AsBaLi,700,0.9238523985
13,AsBaLi,750,0.8624607462
14,AsBaLi,800,0.8087318149
15,AsBaLi,850,0.7613145033
16,AsBaLi,900,0.7191578167
17,AsBaLi,950,0.6814319039
18,AsBaLi,1000,0.6474727856
19,Ba2N2Zn,100,5.195743854
20,Ba2N2Zn,150,3.54636919
21,Ba2N2Zn,200,2.750882638
22,Ba2N2Zn,250,2.268593491
23,Ba2N2Zn,300,1.937870143
24,Ba2N2Zn,350,1.693729507
25,Ba2N2Zn,400,1.504814279
26,Ba2N2Zn,450,1.353811965
27,Ba2N2Zn,500,1.230186237
28,Ba2N2Zn,550,1.127063594
29,Ba2N2Zn,600,1.039728464
30,Ba2N2Zn,650,0.9648210609
31,Ba2N2Zn,700,0.8998758318
32,Ba2N2Zn,750,0.8430397001
33,Ba2N2Zn,800,0.7928919162
34,Ba2N2Zn,850,0.7483245562
35,Ba2N2Zn,900,0.7084608305
36,Ba2N2Zn,950,0.6725978222
37,Ba2N2Zn,1000,0.6401654803
38,BP,100,2540.308907
39,BP,150,1313.66137
40,BP,200,795.2215738
41,BP,250,551.8428569
42,BP,300,419.9998917
43,BP,350,339.3812055
44,BP,400,285.4389018
45,BP,450,246.8790382
46,BP,500,217.9222487
47,BP,550,195.3441191
48,BP,600,177.2159215
49,BP,650,162.3168595
50,BP,700,149.837526
51,BP,750,139.2201892
52,BP,800,130.0678947
53,BP,850,122.0902485
54,BP,900,115.0697494
55,BP,950,108.8401399
56,BP,1000,103.2720558
57,BrK,100,6.079628771
58,BrK,150,4.005666048
59,BrK,200,2.997083573
60,BrK,250,2.396961874
61,BrK,300,1.998032349
62,BrK,350,1.713348168
63,BrK,400,1.499865305
64,BrK,450,1.333790326
65,BrK,500,1.200884966
66,BrK,550,1.092101153
67,BrK,600,1.001411026
68,BrK,650,0.9246426471
69,BrK,700,0.8588161864
70,BrK,750,0.8017462084
71,BrK,800,0.7517933206
72,BrK,850,0.7077035627
73,BrK,900,0.6685013647
74,BrK,950,0.6334163178
75,BrK,1000,0.6018319139
76,CaCdO2,100,25.88009231
77,CaCdO2,150,14.79604576
78,CaCdO2,200,10.57542757
79,CaCdO2,250,8.301541384
80,CaCdO2,300,6.857622577
81,CaCdO2,350,5.851377927
82,CaCdO2,400,5.106962715
83,CaCdO2,450,4.53268623
84,CaCdO2,500,4.07562728
85,CaCdO2,550,3.70293739
86,CaCdO2,600,3.393079977
87,CaCdO2,650,3.131316835
88,CaCdO2,700,2.90720758
89,CaCdO2,750,2.713142378
90,CaCdO2,800,2.54343985
91,CaCdO2,850,2.39377054
92,CaCdO2,900,2.260776195
93,CaCdO2,950,2.141811204
94,CaCdO2,1000,2.034762663
95,CaCsF3,100,5.278077258
96,CaCsF3,150,4.359798787
97,CaCsF3,200,3.595667319
98,CaCsF3,250,3.019276139
99,CaCsF3,300,2.586817361
100,CaCsF3,350,2.255959962
101,CaCsF3,400,1.996803289
102,CaCsF3,450,1.78925947
103,CaCsF3,500,1.619764789
104,CaCsF3,550,1.478976309
105,CaCsF3,600,1.360306528
106,CaCsF3,650,1.259002924
107,CaCsF3,700,1.171562915
108,CaCsF3,750,1.095354595
109,CaCsF3,800,1.028365435
110,CaCsF3,850,0.9690321537
111,CaCsF3,900,0.9161231276
112,CaCsF3,950,0.8686555697
113,CaCsF3,1000,0.8258361457
114,Cs2Se,100,0.7989583056
115,Cs2Se,150,0.5316138604
116,Cs2Se,200,0.3985542199
117,Cs2Se,250,0.3188164672
118,Cs2Se,300,0.2656803686
119,Cs2Se,350,0.2277318657
120,Cs2Se,400,0.1992718842
121,Cs2Se,450,0.1771364213
122,Cs2Se,500,0.159427751
123,Cs2Se,550,0.1449384625
124,Cs2Se,600,0.1328636991
125,Cs2Se,650,0.1226462821
126,Cs2Se,700,0.1138882361
127,Cs2Se,750,0.1062977138
128,Cs2Se,800,0.09965582842
129,Cs2Se,850,0.09379519351
130,Cs2Se,900,0.08858561743
131,Cs2Se,950,0.0839243152
132,Cs2Se,1000,0.07972905707
133,Fe2GeTi,100,90.16487399
134,Fe2GeTi,150,62.00309494
135,Fe2GeTi,200,50.03563057
136,Fe2GeTi,250,42.46449596
137,Fe2GeTi,300,37.01213462
138,Fe2GeTi,350,32.84277469
139,Fe2GeTi,400,29.53528541
140,Fe2GeTi,450,26.84191767
141,Fe2GeTi,500,24.60387287
142,Fe2GeTi,550,22.71359421
143,Fe2GeTi,600,21.09527562
144,Fe2GeTi,650,19.69381276
145,Fe2GeTi,700,18.46812994
146,Fe2GeTi,750,17.38713647
147,Fe2GeTi,800,16.4262356
148,Fe2GeTi,850,15.56651507
149,Fe2GeTi,900,14.79273574
150,Fe2GeTi,950,14.09258096
151,Fe2GeTi,1000,13.45598641
152,KO2Y,100,28.01503866
153,KO2Y,150,16.00657824
154,KO2Y,200,11.30730493
155,KO2Y,250,8.803156537
156,KO2Y,300,7.233126946
157,KO2Y,350,6.149691929
158,KO2Y,400,5.353899129
159,KO2Y,450,4.743212592
160,KO2Y,500,4.259090925
161,KO2Y,550,3.865528036
162,KO2Y,600,3.539093063
163,KO2Y,650,3.263848824
164,KO2Y,700,3.028561658
165,KO2Y,750,2.82507707
166,KO2Y,800,2.647327811
167,KO2Y,850,2.490703632
168,KO2Y,900,2.351637188
169,KO2Y,950,2.227323998
170,KO2Y,1000,2.115528309
171,LiMgN,100,111.7324642
172,LiMgN,150,43.99352332
173,LiMgN,200,25.77546469
174,LiMgN,250,18.25008199
175,LiMgN,300,14.24390618
176,LiMgN,350,11.75530691
177,LiMgN,400,10.04908266
178,LiMgN,450,8.79898637
179,LiMgN,500,7.839175013
180,LiMgN,550,7.076403352
181,LiMgN,600,6.454065575
182,LiMgN,650,5.935686725
183,LiMgN,700,5.496624723
184,LiMgN,750,5.119582721
185,LiMgN,800,4.792031997
186,LiMgN,850,4.504656352
187,LiMgN,900,4.250372912
188,LiMgN,950,4.023693397
189,LiMgN,1000,3.820294545
190,MgTe,100,30.84460364
191,MgTe,150,20.71697206
192,MgTe,200,15.67998193
193,MgTe,250,12.64851593
194,MgTe,300,10.61423469
195,MgTe,350,9.150688622
196,MgTe,400,8.045506144
197,MgTe,450,7.18058559
198,MgTe,500,6.484825157
199,MgTe,550,5.912776998
200,MgTe,600,5.43399682
201,MgTe,650,5.02730611
202,MgTe,700,4.677506727
203,MgTe,750,4.37340394
204,MgTe,800,4.106566693
205,MgTe,850,3.870522568
206,MgTe,900,3.660219148
207,MgTe,950,3.471654158
208,MgTe,1000,3.30161566
209,MoS2,100,128.2128356
210,MoS2,150,77.46244642
211,MoS2,200,54.88366568
212,MoS2,250,42.70443211
213,MoS2,300,35.11019756
214,MoS2,350,29.9011903
215,MoS2,400,26.09060469
216,MoS2,450,23.17165707
217,MoS2,500,20.85877841
218,MoS2,550,18.97722881
219,MoS2,600,17.41484966
220,MoS2,650,16.09534019
221,MoS2,700,14.96530181
222,MoS2,750,13.98609178
223,MoS2,800,13.12901632
224,MoS2,850,12.37229785
225,MoS2,900,11.6989777
226,MoS2,950,11.09605471
227,MoS2,1000,10.55284625
228,Rb2Te,100,5.112222136
229,Rb2Te,150,3.444735446
230,Rb2Te,200,2.600014947
231,Rb2Te,250,2.088517372
232,Rb2Te,300,1.745349679
233,Rb2Te,350,1.499102722
234,Rb2Te,400,1.313777727
235,Rb2Te,450,1.169247079
236,Rb2Te,500,1.053372842
237,Rb2Te,550,0.958399143
238,Rb2Te,600,0.8791379114
239,Rb2Te,650,0.811987235
240,Rb2Te,700,0.7543681355
241,Rb2Te,750,0.7043854568
242,Rb2Te,800,0.6606152829
243,Rb2Te,850,0.6219670262
244,Rb2Te,900,0.5875912742
245,Rb2Te,950,0.5568166099
246,Rb2Te,1000,0.5291053052
247,RhScTe,100,39.36225579
248,RhScTe,150,23.90528473
249,RhScTe,200,17.40436516
250,RhScTe,250,13.75762715
251,RhScTe,300,11.40179372
252,RhScTe,350,9.746635448
253,RhScTe,400,8.516835137
254,RhScTe,450,7.565647589
255,RhScTe,500,6.807309701
256,RhScTe,550,6.188188776
257,RhScTe,600,5.672955789
258,RhScTe,650,5.237358376
259,RhScTe,700,4.864178893
260,RhScTe,750,4.54084751
261,RhScTe,800,4.257968189
262,RhScTe,850,4.008373649
263,RhScTe,900,3.786499849
264,RhScTe,950,3.587960402
265,RhScTe,1000,3.409250004
266,BeSe,100,206.8151281
267,BeSe,150,153.1969214
268,BeSe,200,124.412638
269,BeSe,250,107.1492586
270,BeSe,300,95.6145198
271,BeSe,350,87.23771739
272,BeSe,400,80.77938991
273,BeSe,450,75.58121396
274,BeSe,500,71.26255025
275,BeSe,550,67.58748666
276,BeSe,600,64.40135207
277,BeSe,650,61.59798569
278,BeSe,700,59.10172085
279,BeSe,750,56.85690293
280,BeSe,800,54.82149721
281,BeSe,850,52.9630308
282,BeSe,900,51.25592575
283,BeSe,950,49.67969287
284,BeSe,1000,48.21767589
285,BrCs,100,1.525754504
286,BrCs,150,1.021777087
287,BrCs,200,0.7677874495
288,BrCs,250,0.6148427351
289,BrCs,300,0.5126773637
290,BrCs,350,0.4396126056
291,BrCs,400,0.3847689548
292,BrCs,450,0.3420878144
293,BrCs,500,0.3079280392
294,BrCs,550,0.2799697678
295,BrCs,600,0.2566650317
296,BrCs,650,0.2369414093
297,BrCs,700,0.2200324572
298,BrCs,750,0.2053758611
299,BrCs,800,0.1925497269
300,BrCs,850,0.1812313273
301,BrCs,900,0.1711695851
302,BrCs,950,0.1621662354
303,BrCs,1000,0.1540626344
304,ClLi,100,9.40823234
305,ClLi,150,5.794764817
306,ClLi,200,4.240681111
307,ClLi,250,3.362725252
308,ClLi,300,2.793166123
309,ClLi,350,2.391745322
310,ClLi,400,2.092739015
311,ClLi,450,1.861001667
312,ClLi,500,1.675936172
313,ClLi,550,1.524630696
314,ClLi,600,1.398561719
315,ClLi,650,1.291867018
316,ClLi,700,1.200377808
317,ClLi,750,1.121046112
318,ClLi,800,1.051590509
319,ClLi,850,0.9902686606
320,ClLi,900,0.9357265097
321,ClLi,950,0.8868955522
322,ClLi,1000,0.842921154
323,CsK2Sb,100,0.6316327801
324,CsK2Sb,150,0.4185085917
325,CsK2Sb,200,0.3133139994
326,CsK2Sb,250,0.2504654223
327,CsK2Sb,300,0.2086454669
328,CsK2Sb,350,0.1788035613
329,CsK2Sb,400,0.1564349438
330,CsK2Sb,450,0.139043328
331,CsK2Sb,500,0.1251332827
332,CsK2Sb,550,0.1137541452
333,CsK2Sb,600,0.1042725877
334,CsK2Sb,650,0.09625037314
335,CsK2Sb,700,0.08937459135
336,CsK2Sb,750,0.08341583871
337,CsK2Sb,800,0.07820209936
338,CsK2Sb,850,0.07360185372
339,CsK2Sb,900,0.06951282233
340,CsK2Sb,950,0.06585426675
341,CsK2Sb,1000,0.0625616018
342,KS2Y,100,14.1849808
343,KS2Y,150,8.670793479
344,KS2Y,200,6.335773387
345,KS2Y,250,5.017012119
346,KS2Y,300,4.161082311
347,KS2Y,350,3.557954245
348,KS2Y,400,3.109035303
349,KS2Y,450,2.761465576
350,KS2Y,500,2.484209037
351,KS2Y,550,2.257789802
352,KS2Y,600,2.06934598
353,KS2Y,650,1.910031824
354,KS2Y,700,1.773558935
355,KS2Y,750,1.655331961
356,KS2Y,800,1.55191346
357,KS2Y,850,1.460680078
358,KS2Y,900,1.379594601
359,KS2Y,950,1.307050657
360,KS2Y,1000,1.241764378
361,Li2NaSb,100,13.37811509
362,Li2NaSb,150,8.346347719
363,Li2NaSb,200,6.106035946
364,Li2NaSb,250,4.843561291
365,Li2NaSb,300,4.028093191
366,Li2NaSb,350,3.454863173
367,Li2NaSb,400,3.028360595
368,Li2NaSb,450,2.697854805
369,Li2NaSb,500,2.433787388
370,Li2NaSb,550,2.217710391
371,Li2NaSb,600,2.037484068
372,Li2NaSb,650,1.884777069
373,Li2NaSb,700,1.753673063
374,Li2NaSb,750,1.639849987
375,Li2NaSb,800,1.540090083
376,Li2NaSb,850,1.451891698
377,Li2NaSb,900,1.373351867
378,Li2NaSb,950,1.302955572
379,Li2NaSb,1000,1.239490512
380,Na2Se,100,15.05847573
381,Na2Se,150,9.979254829
382,Na2Se,200,7.51181136
383,Na2Se,250,6.029942169
384,Na2Se,300,5.03799721
385,Na2Se,350,4.326766695
386,Na2Se,400,3.791669678
387,Na2Se,450,3.374424932
388,Na2Se,500,3.039936945
389,Na2Se,550,2.765796211
390,Na2Se,600,2.537018028
391,Na2Se,650,2.343201149
392,Na2Se,700,2.176899174
393,Na2Se,750,2.03264057
394,Na2Se,800,1.906314551
395,Na2Se,850,1.794772763
396,Na2Se,900,1.69556316
397,Na2Se,950,1.606747576
398,Na2Se,1000,1.526773794
399,NaS2Sc,100,15.63691646
400,NaS2Sc,150,9.542229855
401,NaS2Sc,200,7.004933721
402,NaS2Sc,250,5.566231908
403,NaS2Sc,300,4.626931434
404,NaS2Sc,350,3.961953741
405,NaS2Sc,400,3.465313125
406,NaS2Sc,450,3.079856079
407,NaS2Sc,500,2.771833408
408,NaS2Sc,550,2.51996306
409,NaS2Sc,600,2.310134292
410,NaS2Sc,650,2.132611345
411,NaS2Sc,700,1.980455298
412,NaS2Sc,750,1.848584903
413,NaS2Sc,800,1.733192861
414,NaS2Sc,850,1.631369564
415,NaS2Sc,900,1.540852948
416,NaS2Sc,950,1.459857675
417,NaS2Sc,1000,1.38695573
418,NiSbY,100,25.3609091
419,NiSbY,150,16.67826124
420,NiSbY,200,12.55931607
421,NiSbY,250,10.10079173
422,NiSbY,300,8.456019379
423,NiSbY,350,7.275261181
424,NiSbY,400,6.385358446
425,NiSbY,450,5.69018848
426,NiSbY,500,5.131935395
427,NiSbY,550,4.673674773
428,NiSbY,600,4.290694801
429,NiSbY,650,3.965822167
430,NiSbY,700,3.686746154
431,NiSbY,750,3.444408844
432,NiSbY,800,3.231996008
433,NiSbY,850,3.044282155
434,NiSbY,900,2.877192579
435,NiSbY,950,2.727502839
436,NiSbY,1000,2.592627815
437,O2Rb2,100,5.445229084
438,O2Rb2,150,3.391799995
439,O2Rb2,200,2.481703108
440,O2Rb2,250,1.962733122
441,O2Rb2,300,1.625549239
442,O2Rb2,350,1.388223354
443,O2Rb2,400,1.211852431
444,O2Rb2,450,1.075505129
445,O2Rb2,500,0.9668862184
446,O2Rb2,550,0.8782860099
447,O2Rb2,600,0.8046191885
448,O2Rb2,650,0.7423929979
449,O2Rb2,700,0.6891277096
450,O2Rb2,750,0.6430134533
451,O2Rb2,800,0.6026979308
452,O2Rb2,850,0.5671501729
453,O2Rb2,900,0.5355703084
454,O2Rb2,950,0.5073281607
455,O2Rb2,1000,0.4819204577
456,SSr,100,30.80013111
457,SSr,150,18.95727741
458,SSr,200,13.85200464
459,SSr,250,10.95815128
460,SSr,300,9.08024762
461,SSr,350,7.758389598
462,SSr,400,6.775602369
463,SSr,450,6.015437982
464,SSr,500,5.409553583
465,SSr,550,4.915101095
466,SSr,600,4.50381257
467,SSr,650,4.156266129
468,SSr,700,3.858667474
469,SSr,750,3.600944463
470,SSr,800,3.375568343
471,SSr,850,3.176797086
472,SSr,900,3.000174144
473,SSr,950,2.816942138
474,SSr,1000,2.700030457
475,AlAs,100,247.3107135
476,AlAs,150,143.9783582
477,AlAs,200,102.4730558
478,AlAs,250,80.0040377
479,AlAs,300,65.80196654
480,AlAs,350,55.96269012
481,AlAs,400,48.72195412
482,AlAs,450,43.16057669
483,AlAs,500,38.75017398
484,AlAs,550,35.16438932
485,AlAs,600,32.1902953
486,AlAs,650,29.68283227
487,AlAs,700,27.53965281
488,AlAs,750,25.68642041
489,AlAs,800,24.06780802
490,AlAs,850,22.64176818
491,AlAs,900,21.37576325
492,AlAs,950,20.24421402
493,AlAs,1000,19.22672966
494,AsCaNa,100,20.73956104
495,AsCaNa,150,13.62696878
496,AsCaNa,200,10.24969176
497,AsCaNa,250,8.22855614
498,AsCaNa,300,6.876055623
499,AsCaNa,350,5.906047562
500,AsCaNa,400,5.176027925
501,AsCaNa,450,4.60664247
502,AsCaNa,500,4.150099538
503,AsCaNa,550,3.77587098
504,AsCaNa,600,3.463534794
505,AsCaNa,650,3.198910146
506,AsCaNa,700,2.971841459
507,AsCaNa,750,2.77486449
508,AsCaNa,800,2.602370071
509,AsCaNa,850,2.450061486
510,AsCaNa,900,2.314591812
511,AsCaNa,950,2.193315227
512,AsCaNa,1000,2.084112571
513,BiLiS2,100,2.182714096
514,BiLiS2,150,1.340190234
515,BiLiS2,200,0.9825203123
516,BiLiS2,250,0.7792024885
517,BiLiS2,300,0.6466838955
518,BiLiS2,350,0.5530801694
519,BiLiS2,400,0.4833140242
520,BiLiS2,450,0.4292571124
521,BiLiS2,500,0.3861180525
522,BiLiS2,550,0.3508817595
523,BiLiS2,600,0.3215531811
524,BiLiS2,650,0.2967583398
525,BiLiS2,700,0.2755195372
526,BiLiS2,750,0.2571218189
527,BiLiS2,800,0.2410301261
528,BiLiS2,850,0.2268359846
529,BiLiS2,900,0.2142221171
530,BiLiS2,950,0.2029383108
531,BiLiS2,1000,0.1927845718
532,BiNaSe2,100,2.922868604
533,BiNaSe2,150,1.908686282
534,BiNaSe2,200,1.424413909
535,BiNaSe2,250,1.137689256
536,BiNaSe2,300,0.9475180127
537,BiNaSe2,350,0.8119953561
538,BiNaSe2,400,0.7104685794
539,BiNaSe2,450,0.6315487109
540,BiNaSe2,500,0.5684309366
541,BiNaSe2,550,0.5167958262
542,BiNaSe2,600,0.4737683206
543,BiNaSe2,650,0.4373600355
544,BiNaSe2,700,0.406151656
545,BiNaSe2,750,0.3791028187
546,BiNaSe2,800,0.3554334828
547,BiNaSe2,850,0.3345472621
548,BiNaSe2,900,0.3159803565
549,BiNaSe2,950,0.2993666342
550,BiNaSe2,1000,0.2844131991
551,CBe2,100,1059.870412
552,CBe2,150,286.4063076
553,CBe2,200,162.2463428
554,CBe2,250,118.9527837
555,CBe2,300,96.95647977
556,CBe2,350,83.10597308
557,CBe2,400,73.23236455
558,CBe2,450,65.66321063
559,CBe2,500,59.59597671
560,CBe2,550,54.58796513
561,CBe2,600,50.367825
562,CBe2,650,46.75583768
563,CBe2,700,43.6260765
564,CBe2,750,40.88658143
565,CBe2,800,38.46807857
566,CBe2,850,36.31711398
567,CBe2,900,34.39164164
568,CBe2,950,32.65806304
569,CBe2,1000,31.08917076
570,Cl2Sr,100,6.132907365
571,Cl2Sr,150,4.055746297
572,Cl2Sr,200,3.043859905
573,Cl2Sr,250,2.438390412
574,Cl2Sr,300,2.03437945
575,Cl2Sr,350,1.745385388
576,Cl2Sr,400,1.528345291
577,Cl2Sr,450,1.359338602
578,Cl2Sr,500,1.22399962
579,Cl2Sr,550,1.113175445
580,Cl2Sr,600,1.020756671
581,Cl2Sr,650,0.9425088756
582,Cl2Sr,700,0.8754043328
583,Cl2Sr,750,0.8172206484
584,Cl2Sr,800,0.7662896426
585,Cl2Sr,850,0.721334702
586,Cl2Sr,900,0.6813622449
587,Cl2Sr,950,0.6455873957
588,Cl2Sr,1000,0.6133819155
589,CoNbSn,100,62.82300133
590,CoNbSn,150,38.67797885
591,CoNbSn,200,28.42383127
592,CoNbSn,250,22.59335643
593,CoNbSn,300,18.78878584
594,CoNbSn,350,16.09715806
595,CoNbSn,400,14.08754875
596,CoNbSn,450,12.52782938
597,CoNbSn,500,11.28116763
598,CoNbSn,550,10.26141288
599,CoNbSn,600,9.411512006
600,CoNbSn,650,8.692133095
601,CoNbSn,700,8.075257641
602,CoNbSn,750,7.540373843
603,CoNbSn,800,7.072114035
604,CoNbSn,850,6.658733595
605,CoNbSn,900,6.291100549
606,CoNbSn,950,5.962006063
607,CoNbSn,1000,5.665682701
608,F3KZn,100,8.83535254
609,F3KZn,150,5.886644464
610,F3KZn,200,4.451342943
611,F3KZn,250,3.584608783
612,F3KZn,300,3.001091801
613,F3KZn,350,2.580797668
614,F3KZn,400,2.263526558
615,F3KZn,450,2.015533649
616,F3KZn,500,1.816380581
617,F3KZn,550,1.652951024
618,F3KZn,600,1.516437847
619,F3KZn,650,1.400707152
620,F3KZn,700,1.301355642
621,F3KZn,750,1.215140726
622,F3KZn,800,1.139621915
623,F3KZn,850,1.072927404
624,F3KZn,900,1.01359766
625,F3KZn,950,0.9604779149
626,F3KZn,1000,0.9126426231
627,F3MgRb,100,13.85435745
628,F3MgRb,150,8.449707267
629,F3MgRb,200,6.321409301
630,F3MgRb,250,5.099638787
631,F3MgRb,300,4.284261718
632,F3MgRb,350,3.695943075
633,F3MgRb,400,3.250025107
634,F3MgRb,450,2.900014792
635,F3MgRb,500,2.617883405
636,F3MgRb,550,2.385618064
637,F3MgRb,600,2.191080233
638,F3MgRb,650,2.025780272
639,F3MgRb,700,1.883598443
640,F3MgRb,750,1.760010723
641,F3MgRb,800,1.651600241
642,F3MgRb,850,1.555738103
643,F3MgRb,900,1.470368711
644,F3MgRb,950,1.393861651
645,F3MgRb,1000,1.324907244
646,FK,100,20.85510601
647,FK,150,13.05673188
648,FK,200,9.594512276
649,FK,250,7.61058626
650,FK,300,6.316372889
651,FK,350,5.402579051
652,FK,400,4.721812263
653,FK,450,4.194496298
654,FK,500,3.77374593
655,FK,550,3.430085366
656,FK,600,3.144028932
657,FK,650,2.90216748
658,FK,700,2.694965097
659,FK,750,2.515451672
660,FK,800,2.358412581
661,FK,850,2.219867743
662,FK,900,2.096726095
663,FK,950,1.986550121
664,FK,1000,1.887391564
665,Ga2N2,100,332.8424016
666,Ga2N2,150,224.6000402
667,Ga2N2,200,168.7654233
668,Ga2N2,250,135.5377457
669,Ga2N2,300,113.6616558
670,Ga2N2,350,98.12470154
671,Ga2N2,400,86.46909289
672,Ga2N2,450,77.36936321
673,Ga2N2,500,70.04924619
674,Ga2N2,550,64.02262734
675,Ga2N2,600,58.96838683
676,Ga2N2,650,54.66512819
677,Ga2N2,700,50.95482271
678,Ga2N2,750,47.72140403
679,Ga2N2,800,44.87756388
680,Ga2N2,850,42.35628067
681,Ga2N2,900,40.10520033
682,Ga2N2,950,38.08280091
683,Ga2N2,1000,36.25570941
684,KO2Sc,100,27.08465694
685,KO2Sc,150,15.06231608
686,KO2Sc,200,10.54159868
687,KO2Sc,250,8.176031565
688,KO2Sc,300,6.706365765
689,KO2Sc,350,5.696990836
690,KO2Sc,400,4.957507248
691,KO2Sc,450,4.390838783
692,KO2Sc,500,3.942036999
693,KO2Sc,550,3.577389039
694,KO2Sc,600,3.275046426
695,KO2Sc,650,3.020178871
696,KO2Sc,700,2.802347723
697,KO2Sc,750,2.613983103
698,KO2Sc,800,2.449456741
699,KO2Sc,850,2.304494178
700,KO2Sc,900,2.175789169
701,KO2Sc,950,2.060743266
702,KO2Sc,1000,1.95728543
703,Li2O,100,168.0261432
704,Li2O,150,68.26049833
705,Li2O,200,43.62950441
706,Li2O,250,32.98757783
707,Li2O,300,26.94479422
708,Li2O,350,22.955764
709,Li2O,400,20.07709044
710,Li2O,450,17.87872501
711,Li2O,500,16.13391936
712,Li2O,550,14.7099347
713,Li2O,600,13.52288454
714,Li2O,650,12.51663189
715,Li2O,700,11.65192331
716,Li2O,750,10.90034589
717,Li2O,800,10.24075215
718,Li2O,850,9.657036419
719,Li2O,900,9.136693726
720,Li2O,950,8.669853479
721,Li2O,1000,8.24861248
722,LiSe2Y,100,5.299893979
723,LiSe2Y,150,3.25405381
724,LiSe2Y,200,2.385783294
725,LiSe2Y,250,1.893078105
726,LiSe2Y,300,1.572240662
727,LiSe2Y,350,1.345660264
728,LiSe2Y,400,1.176739386
729,LiSe2Y,450,1.04579267
730,LiSe2Y,500,0.9412337598
731,LiSe2Y,550,0.8557780772
732,LiSe2Y,600,0.7846075352
733,LiSe2Y,650,0.7244043386
734,LiSe2Y,700,0.6728073895
735,LiSe2Y,750,0.6280897174
736,LiSe2Y,800,0.588958489
737,LiSe2Y,850,0.5544263733
738,LiSe2Y,900,0.523726172
739,LiSe2Y,950,0.4962526078
740,LiSe2Y,1000,0.4715216857
741,NaS2Y,100,11.48128286
742,NaS2Y,150,6.982218628
743,NaS2Y,200,5.099159273
744,NaS2Y,250,4.037526858
745,NaS2Y,300,3.348495524
746,NaS2Y,350,2.862895855
747,NaS2Y,400,2.501414529
748,NaS2Y,450,2.221530025
749,NaS2Y,500,1.998268257
750,NaS2Y,550,1.815951717
751,NaS2Y,600,1.664223853
752,NaS2Y,650,1.535960356
753,NaS2Y,700,1.426095796
754,NaS2Y,750,1.330928151
755,NaS2Y,800,1.247688055
756,NaS2Y,850,1.174261958
757,NaS2Y,900,1.109008544
758,NaS2Y,950,1.050633636
759,NaS2Y,1000,0.9981029149
760,BiNiSc,100,33.41382643
761,BiNiSc,150,19.03310906
762,BiNiSc,200,13.53915219
763,BiNiSc,250,10.58447755
764,BiNiSc,300,8.717448115
765,BiNiSc,350,7.422797821
766,BiNiSc,400,6.468986864
767,BiNiSc,450,5.735569784
768,BiNiSc,500,5.153324671
769,BiNiSc,550,4.67948311
770,BiNiSc,600,4.286125865
771,BiNiSc,650,3.954219855
772,BiNiSc,700,3.670326586
773,BiNiSc,750,3.424678337
774,BiNiSc,800,3.209999954
775,BiNiSc,850,3.020758573
776,BiNiSc,900,2.852669791
777,BiNiSc,950,2.702363273
778,BiNiSc,1000,2.567150646
779,BiNSr3,100,6.032119237
780,BiNSr3,150,4.04352626
781,BiNSr3,200,3.053224356
782,BiNSr3,250,2.454690608
783,BiNSr3,300,2.052483137
784,BiNSr3,350,1.763359806
785,BiNSr3,400,1.545477398
786,BiNSr3,450,1.375404864
787,BiNSr3,500,1.238976665
788,BiNSr3,550,1.127119587
789,BiNSr3,600,1.033752164
790,BiNSr3,650,0.9546454963
791,BiNSr3,700,0.8867679503
792,BiNSr3,750,0.8278896421
793,BiNSr3,800,0.776333973
794,BiNSr3,850,0.7308161451
795,BiNSr3,900,0.6903350957
796,BiNSr3,950,0.6540993147
797,BiNSr3,1000,0.6214747701
798,BrCa2N,100,12.49194196
799,BrCa2N,150,7.772543069
800,BrCa2N,200,5.702455197
801,BrCa2N,250,4.525440665
802,BrCa2N,300,3.758891571
803,BrCa2N,350,3.217344758
804,BrCa2N,400,2.813435384
805,BrCa2N,450,2.500213589
806,BrCa2N,500,2.250046442
807,BrCa2N,550,2.045552421
808,BrCa2N,600,1.875227865
809,BrCa2N,650,1.731146095
810,BrCa2N,700,1.607662858
811,BrCa2N,750,1.500647785
812,BrCa2N,800,1.407007609
813,BrCa2N,850,1.324379279
814,BrCa2N,900,1.250926162
815,BrCa2N,950,1.185198995
816,BrCa2N,1000,1.126038762
817,BrCu,100,2.750707127
818,BrCu,150,1.74076809
819,BrCu,200,1.281387012
820,BrCu,250,1.01628736
821,BrCu,300,0.8429875705
822,BrCu,350,0.7205739737
823,BrCu,400,0.6293961942
824,BrCu,450,0.5588030001
825,BrCu,500,0.5025065595
826,BrCu,550,0.4565502772
827,BrCu,600,0.4183177075
828,BrCu,650,0.3860083393
829,BrCu,700,0.3583419839
830,BrCu,750,0.3343831875
831,BrCu,800,0.3134323468
832,BrCu,850,0.294955692
833,BrCu,900,0.2785388427
834,BrCu,950,0.2638551601
835,BrCu,1000,0.2506436696
836,F4Sn,100,7.145754892
837,F4Sn,150,4.930982113
838,F4Sn,200,3.800455848
839,F4Sn,250,3.098504371
840,F4Sn,300,2.616100765
841,F4Sn,350,2.263125697
842,F4Sn,400,1.993442412
843,F4Sn,450,1.780665823
844,F4Sn,500,1.608578139
845,F4Sn,550,1.466560445
846,F4Sn,600,1.347400069
847,F4Sn,650,1.246015849
848,F4Sn,700,1.158724877
849,F4Sn,750,1.082792911
850,F4Sn,800,1.016147853
851,F4Sn,850,0.9571911298
852,F4Sn,900,0.9046700182
853,F4Sn,950,0.8575891166
854,F4Sn,1000,0.8151476492
855,FLi,100,86.81970663
856,FLi,150,44.29799309
857,FLi,200,29.89538316
858,FLi,250,22.75613331
859,FLi,300,18.46972282
860,FLi,350,15.59114871
861,FLi,400,13.51387186
862,FLi,450,11.93860272
863,FLi,500,10.70002357
864,FLi,550,9.698981765
865,FLi,600,8.872184982
866,FLi,650,8.177218889
867,FLi,700,7.584532036
868,FLi,750,7.072868714
869,FLi,800,6.626528978
870,FLi,850,6.233653066
871,FLi,900,5.885107796
872,FLi,950,5.573741157
873,FLi,1000,5.293869907
874,INSr2,100,6.251759631
875,INSr2,150,3.9580021
876,INSr2,200,2.924576648
877,INSr2,250,2.327406659
878,INSr2,300,1.935283241
879,INSr2,350,1.657114283
880,INSr2,400,1.449205962
881,INSr2,450,1.287802916
882,INSr2,500,1.158821444
883,INSr2,550,1.053361833
884,INSr2,600,0.9655165334
885,INSr2,650,0.8912070653
886,INSr2,700,0.8275256321
887,INSr2,750,0.7723425753
888,INSr2,800,0.7240620961
889,INSr2,850,0.6814646782
890,INSr2,900,0.6436022686
891,INSr2,950,0.6097266777
892,INSr2,1000,0.5792395207
893,IO3Rb,100,2.376010772
894,IO3Rb,150,1.714325586
895,IO3Rb,200,1.407929362
896,IO3Rb,250,1.223342686
897,IO3Rb,300,1.090214999
898,IO3Rb,350,0.9843974666
899,IO3Rb,400,0.8964203852
900,IO3Rb,450,0.8216920999
901,IO3Rb,500,0.7574396265
902,IO3Rb,550,0.7017150518
903,IO3Rb,600,0.6530375427
904,IO3Rb,650,0.6102391767
905,IO3Rb,700,0.5723823892
906,IO3Rb,750,0.5387069386
907,IO3Rb,800,0.5085918998
908,IO3Rb,850,0.4815269505
909,IO3Rb,900,0.4570901639
910,IO3Rb,950,0.4349306501
911,IO3Rb,1000,0.4147549068
912,MgO,100,176.2459585
913,MgO,150,94.17289359
914,MgO,200,68.35949717
915,MgO,250,55.06971463
916,MgO,300,46.53989795
917,MgO,350,40.44725532
918,MgO,400,35.82385907
919,MgO,450,32.17505599
920,MgO,500,29.21364075
921,MgO,550,26.75828701
922,MgO,600,24.68762881
923,MgO,650,22.9168507
924,MgO,700,21.38466379
925,MgO,750,20.04557135
926,MgO,800,18.86503812
927,MgO,850,17.81634984
928,MgO,900,16.87850341
929,MgO,950,16.03474996
930,MgO,1000,15.27156487
931,PdSnTi,100,44.20018419
932,PdSnTi,150,25.61243677
933,PdSnTi,200,18.39073867
934,PdSnTi,250,14.46928574
935,PdSnTi,300,11.97314347
936,PdSnTi,350,10.23193522
937,PdSnTi,400,8.942804151
938,PdSnTi,450,7.947450265
939,PdSnTi,500,7.154490156
940,PdSnTi,550,6.507229147
941,PdSnTi,600,5.96851564
942,PdSnTi,650,5.512934067
943,PdSnTi,700,5.122482148
944,PdSnTi,750,4.784036823
945,PdSnTi,800,4.487797789
946,PdSnTi,850,4.226293619
947,PdSnTi,900,3.993725876
948,PdSnTi,950,3.785523866
949,PdSnTi,1000,3.598034878
950,Rb2S,100,5.444935016
951,Rb2S,150,3.479245035
952,Rb2S,200,2.571232615
953,Rb2S,250,2.04345364
954,Rb2S,300,1.697040711
955,Rb2S,350,1.451740729
956,Rb2S,400,1.268732352
957,Rb2S,450,1.126876155
958,Rb2S,500,1.013652477
959,Rb2S,550,0.9211647964
960,Rb2S,600,0.8441819366
961,Rb2S,650,0.7790990685
962,Rb2S,700,0.7233502848
963,Rb2S,750,0.6750589623
964,Rb2S,800,0.6328205869
965,Rb2S,850,0.5955629098
966,Rb2S,900,0.5624530807
967,Rb2S,950,0.5328343064
968,Rb2S,1000,0.5061816258
969,Ru2SiZr,100,36.51238179
970,Ru2SiZr,150,23.95578593
971,Ru2SiZr,200,18.40712834
972,Ru2SiZr,250,15.06445815
973,Ru2SiZr,300,12.78188693
974,Ru2SiZr,350,11.11128214
975,Ru2SiZr,400,9.831656603
976,Ru2SiZr,450,8.818616948
977,Ru2SiZr,500,7.996060369
978,Ru2SiZr,550,7.314564141
979,Ru2SiZr,600,6.740543489
980,Ru2SiZr,650,6.250340005
981,Ru2SiZr,700,5.826789705
982,Ru2SiZr,750,5.45712949
983,Ru2SiZr,800,5.131667408
984,Ru2SiZr,850,4.842909032
985,Ru2SiZr,900,4.584966743
986,Ru2SiZr,950,4.353150241
987,Ru2SiZr,1000,4.143676436
988,SeSr,100,31.11818631
989,SeSr,150,22.37719797
990,SeSr,200,17.5857751
991,SeSr,250,14.51462931
992,SeSr,300,12.3683662
993,SeSr,350,10.78056203
994,SeSr,400,9.556964298
995,SeSr,450,8.584491807
996,SeSr,500,7.792678504
997,SeSr,550,7.135260783
998,SeSr,600,6.580578527
999,SeSr,650,6.106282788
1000,SeSr,700,5.695927679
1001,SeSr,750,5.337409132
1002,SeSr,800,5.021465913
1003,SeSr,850,4.740923175
1004,SeSr,900,4.49013531
1005,SeSr,950,4.264598529
1006,SeSr,1000,4.060675696
1007,As2CaZn2,100,8.136127324
1008,As2CaZn2,150,5.075268243
1009,As2CaZn2,200,3.72549635
1010,As2CaZn2,250,2.953281627
1011,As2CaZn2,300,2.449865852
1012,As2CaZn2,350,2.094594272
1013,As2CaZn2,400,1.830032195
1014,As2CaZn2,450,1.625183801
1015,As2CaZn2,500,1.461791259
1016,As2CaZn2,550,1.328378747
1017,As2CaZn2,600,1.217361608
1018,As2CaZn2,650,1.123521654
1019,As2CaZn2,700,1.043148866
1020,As2CaZn2,750,0.9735321251
1021,As2CaZn2,800,0.9126436183
1022,As2CaZn2,850,0.8589359702
1023,As2CaZn2,900,0.8112077073
1024,As2CaZn2,950,0.7685115911
1025,As2CaZn2,1000,0.7300906696
1026,BaSe,100,20.76283146
1027,BaSe,150,14.19008931
1028,BaSe,200,10.81232924
1029,BaSe,250,8.743019997
1030,BaSe,300,7.342191755
1031,BaSe,350,6.330008954
1032,BaSe,400,5.564018681
1033,BaSe,450,4.963936696
1034,BaSe,500,4.481020959
1035,BaSe,550,4.083947299
1036,BaSe,600,3.751658512
1037,BaSe,650,3.469472238
1038,BaSe,700,3.226868794
1039,BaSe,750,3.016001692
1040,BaSe,800,2.831040899
1041,BaSe,850,2.667483593
1042,BaSe,900,2.521814186
1043,BaSe,950,2.391247645
1044,BaSe,1000,2.273548977
1045,BiNaTe2,100,2.009274063
1046,BiNaTe2,150,1.313432263
1047,BiNaTe2,200,0.9795387598
1048,BiNaTe2,250,0.7819439996
1049,BiNaTe2,300,0.6510007367
1050,BiNaTe2,350,0.5577506535
1051,BiNaTe2,400,0.4879283193
1052,BiNaTe2,450,0.4336739603
1053,BiNaTe2,500,0.3902953552
1054,BiNaTe2,550,0.354816164
1055,BiNaTe2,600,0.3252564428
1056,BiNaTe2,650,0.3002475069
1057,BiNaTe2,700,0.2788127575
1058,BiNaTe2,750,0.2602365679
1059,BiNaTe2,800,0.2439825171
1060,BiNaTe2,850,0.2296405695
1061,BiNaTe2,900,0.2168919055
1062,BiNaTe2,950,0.2054848826
1063,BiNaTe2,1000,0.1952182206
1064,C2Cs2Pt,100,0.6850350797
1065,C2Cs2Pt,150,0.6978648691
1066,C2Cs2Pt,200,0.6312486792
1067,C2Cs2Pt,250,0.557039896
1068,C2Cs2Pt,300,0.4916937122
1069,C2Cs2Pt,350,0.4371315529
1070,C2Cs2Pt,400,0.3920149816
1071,C2Cs2Pt,450,0.3545524442
1072,C2Cs2Pt,500,0.3231687308
1073,C2Cs2Pt,550,0.2966094989
1074,C2Cs2Pt,600,0.2739051151
1075,C2Cs2Pt,650,0.2543103473
1076,C2Cs2Pt,700,0.2372501694
1077,C2Cs2Pt,750,0.2222772868
1078,C2Cs2Pt,800,0.2090403578
1079,C2Cs2Pt,850,0.197260577
1080,C2Cs2Pt,900,0.1867144527
1081,C2Cs2Pt,950,0.1772210838
1082,C2Cs2Pt,1000,0.1686326899
1083,C2K2Pt,100,15.27601717
1084,C2K2Pt,150,11.70296792
1085,C2K2Pt,200,9.796989163
1086,C2K2Pt,250,8.459399691
1087,C2K2Pt,300,7.429371703
1088,C2K2Pt,350,6.608116784
1089,C2K2Pt,400,5.940664857
1090,C2K2Pt,450,5.389942708
1091,C2K2Pt,500,4.92942348
1092,C2K2Pt,550,4.539593711
1093,C2K2Pt,600,4.205793025
1094,C2K2Pt,650,3.917051416
1095,C2K2Pt,700,3.665007197
1096,C2K2Pt,750,3.443117277
1097,C2K2Pt,800,3.246342283
1098,C2K2Pt,850,3.070674792
1099,C2K2Pt,900,2.912909079
1100,C2K2Pt,950,2.770478318
1101,C2K2Pt,1000,2.641216912
1102,CaN2Zn2,100,19.44604788
1103,CaN2Zn2,150,11.25529885
1104,CaN2Zn2,200,8.004597806
1105,CaN2Zn2,250,6.259369328
1106,CaN2Zn2,300,5.159529445
1107,CaN2Zn2,350,4.397254534
1108,CaN2Zn2,400,3.835276832
1109,CaN2Zn2,450,3.402676985
1110,CaN2Zn2,500,3.058848462
1111,CaN2Zn2,550,2.778737693
1112,CaN2Zn2,600,2.545989847
1113,CaN2Zn2,650,2.349447534
1114,CaN2Zn2,700,2.181224709
1115,CaN2Zn2,750,2.035582778
1116,CaN2Zn2,800,1.908242597
1117,CaN2Zn2,850,1.795946246
1118,CaN2Zn2,900,1.69616839
1119,CaN2Zn2,950,1.606920649
1120,CaN2Zn2,1000,1.526615672
1121,CaO,100,74.26190073
1122,CaO,150,42.66033307
1123,CaO,200,30.90416571
1124,CaO,250,24.48746442
1125,CaO,300,20.35797874
1126,CaO,350,17.45014462
1127,CaO,400,15.28194326
1128,CaO,450,13.59912905
1129,CaO,500,12.25339485
1130,CaO,550,11.15184691
1131,CaO,600,10.2331155
1132,CaO,650,9.454934168
1133,CaO,700,8.787199883
1134,CaO,750,8.207869955
1135,CaO,800,7.700422477
1136,CaO,850,7.252223768
1137,CaO,900,6.853444714
1138,CaO,950,6.496321448
1139,CaO,1000,6.174638774
1140,CaP2Zn2,100,15.01340666
1141,CaP2Zn2,150,8.894846977
1142,CaP2Zn2,200,6.388824456
1143,CaP2Zn2,250,5.013238321
1144,CaP2Zn2,300,4.136646247
1145,CaP2Zn2,350,3.526156338
1146,CaP2Zn2,400,3.075240984
1147,CaP2Zn2,450,2.72794453
1148,CaP2Zn2,500,2.451917165
1149,CaP2Zn2,550,2.227093375
1150,CaP2Zn2,600,2.04033851
1151,CaP2Zn2,650,1.882680507
1152,CaP2Zn2,700,1.747774948
1153,CaP2Zn2,750,1.631004968
1154,CaP2Zn2,800,1.528928607
1155,CaP2Zn2,850,1.438926186
1156,CaP2Zn2,900,1.358967851
1157,CaP2Zn2,950,1.287455952
1158,CaP2Zn2,1000,1.223115531
1159,CCaN2,100,55.32054412
1160,CCaN2,150,34.35566416
1161,CCaN2,200,25.51916438
1162,CCaN2,250,20.51809666
1163,CCaN2,300,17.32976615
1164,CCaN2,350,15.16376262
1165,CCaN2,400,13.62567702
1166,CCaN2,450,12.49275577
1167,CCaN2,500,11.6303703
1168,CCaN2,550,10.95358153
1169,CCaN2,600,10.40720715
1170,CCaN2,650,9.954324595
1171,CCaN2,700,9.570012324
1172,CCaN2,750,9.237031457
1173,CCaN2,800,8.943344068
1174,CCaN2,850,8.680284873
1175,CCaN2,900,8.441684229
1176,CCaN2,950,8.222995394
1177,CCaN2,1000,8.020832175
1178,ClK,100,17.74946167
1179,ClK,150,12.4637709
1180,ClK,200,9.621686408
1181,ClK,250,7.837793185
1182,ClK,300,6.612652055
1183,ClK,350,5.719013842
1184,ClK,400,5.038277361
1185,ClK,450,4.502423998
1186,ClK,500,4.069633031
1187,ClK,550,3.712771432
1188,ClK,600,3.413464424
1189,ClK,650,3.158824731
1190,ClK,700,2.939546016
1191,ClK,750,2.748739706
1192,ClK,800,2.581197613
1193,ClK,850,2.432908941
1194,ClK,900,2.300734844
1195,ClK,950,2.182183668
1196,ClK,1000,2.075252308
1197,CN2Na2,100,13.37334523
1198,CN2Na2,150,8.556215989
1199,CN2Na2,200,6.373780903
1200,CN2Na2,250,5.101479275
1201,CN2Na2,300,4.268537779
1202,CN2Na2,350,3.685916771
1203,CN2Na2,400,3.260768589
1204,CN2Na2,450,2.941013908
1205,CN2Na2,500,2.694566894
1206,CN2Na2,550,2.500384007
1207,CN2Na2,600,2.344122213
1208,CN2Na2,650,2.21577863
1209,CN2Na2,700,2.108289537
1210,CN2Na2,750,2.016572454
1211,CN2Na2,800,1.936997948
1212,CN2Na2,850,1.866890164
1213,CN2Na2,900,1.804312067
1214,CN2Na2,950,1.747795475
1215,CN2Na2,1000,1.696264175
1216,Li2O2Pd,100,125.7624594
1217,Li2O2Pd,150,59.1734677
1218,Li2O2Pd,200,37.28865047
1219,Li2O2Pd,250,27.22968765
1220,Li2O2Pd,300,21.54989143
1221,Li2O2Pd,350,17.90365241
1222,Li2O2Pd,400,15.35670925
1223,Li2O2Pd,450,13.47050023
1224,Li2O2Pd,500,12.01313335
1225,Li2O2Pd,550,10.85058325
1226,Li2O2Pd,600,9.899904327
1227,Li2O2Pd,650,9.106923158
1228,Li2O2Pd,700,8.434692858
1229,Li2O2Pd,750,7.857106394
1230,Li2O2Pd,800,7.355164553
1231,Li2O2Pd,850,6.914692819
1232,Li2O2Pd,900,6.524889336
1233,Li2O2Pd,950,6.177370213
1234,Li2O2Pd,1000,5.865523509
1235,NaO2Sc,100,42.96517188
1236,NaO2Sc,150,22.37956512
1237,NaO2Sc,200,15.33308618
1238,NaO2Sc,250,11.79785629
1239,NaO2Sc,300,9.645384898
1240,NaO2Sc,350,8.181664509
1241,NaO2Sc,400,7.114712214
1242,NaO2Sc,450,6.299305148
1243,NaO2Sc,500,5.654385195
1244,NaO2Sc,550,5.130808324
1245,NaO2Sc,600,4.696886921
1246,NaO2Sc,650,4.331195874
1247,NaO2Sc,700,4.018692412
1248,NaO2Sc,750,3.748485618
1249,NaO2Sc,800,3.512486638
1250,NaO2Sc,850,3.3045566
1251,NaO2Sc,900,3.119949358
1252,NaO2Sc,950,2.954935949
1253,NaO2Sc,1000,2.806544871
1254,NaSbSe2,100,1.756534841
1255,NaSbSe2,150,1.15747289
1256,NaSbSe2,200,0.8661450177
1257,NaSbSe2,250,0.6925397046
1258,NaSbSe2,300,0.5770620995
1259,NaSbSe2,350,0.4946466611
1260,NaSbSe2,400,0.4328538725
1261,NaSbSe2,450,0.3847967553
1262,NaSbSe2,500,0.3463503789
1263,NaSbSe2,550,0.3148922592
1264,NaSbSe2,600,0.2886749748
1265,NaSbSe2,650,0.2664891094
1266,NaSbSe2,700,0.2474709158
1267,NaSbSe2,750,0.2309870155
1268,NaSbSe2,800,0.2165623781
1269,NaSbSe2,850,0.2038337359
1270,NaSbSe2,900,0.1925185347
1271,NaSbSe2,950,0.1823936931
1272,NaSbSe2,1000,0.1732807346
1273,NiSnTi,100,51.08892668
1274,NiSnTi,150,28.85996905
1275,NiSnTi,200,20.51967743
1276,NiSnTi,250,16.07371511
1277,NiSnTi,300,13.27183057
1278,NiSnTi,350,11.32852983
1279,NiSnTi,400,9.894774277
1280,NiSnTi,450,8.790191436
1281,NiSnTi,500,7.911481917
1282,NiSnTi,550,7.194921439
1283,NiSnTi,600,6.598924275
1284,NiSnTi,650,6.095128494
1285,NiSnTi,700,5.663491162
1286,NiSnTi,750,5.289427375
1287,NiSnTi,800,4.962059948
1288,NiSnTi,850,4.673105285
1289,NiSnTi,900,4.416140017
1290,NiSnTi,950,4.186104199
1291,NiSnTi,1000,3.978956273
1292,As2BaMg2,100,12.70576706
1293,As2BaMg2,150,8.059027617
1294,As2BaMg2,200,5.945534095
1295,As2BaMg2,250,4.725626539
1296,As2BaMg2,300,3.92696928
1297,As2BaMg2,350,3.361804473
1298,As2BaMg2,400,2.940099563
1299,As2BaMg2,450,2.613065456
1300,As2BaMg2,500,2.351881947
1301,As2BaMg2,550,2.138395038
1302,As2BaMg2,600,1.9605851
1303,As2BaMg2,650,1.810170366
1304,As2BaMg2,700,1.681255091
1305,As2BaMg2,750,1.569526055
1306,As2BaMg2,800,1.471753899
1307,As2BaMg2,850,1.385472179
1308,As2BaMg2,900,1.30876426
1309,As2BaMg2,950,1.240117974
1310,As2BaMg2,1000,1.178324126
1311,Ba2BrN,100,2.336213907
1312,Ba2BrN,150,1.611384874
1313,Ba2BrN,200,1.244490784
1314,Ba2BrN,250,1.014278818
1315,Ba2BrN,300,0.8552435663
1316,Ba2BrN,350,0.7387696464
1317,Ba2BrN,400,0.6498708206
1318,Ba2BrN,450,0.5798558241
1319,Ba2BrN,500,0.5233266956
1320,Ba2BrN,550,0.4767548081
1321,Ba2BrN,600,0.4377380665
1322,Ba2BrN,650,0.4045859782
1323,Ba2BrN,700,0.3760752026
1324,Ba2BrN,750,0.3512991561
1325,Ba2BrN,800,0.329572056
1326,Ba2BrN,850,0.3103657645
1327,Ba2BrN,900,0.2932670822
1328,Ba2BrN,950,0.2779481782
1329,Ba2BrN,1000,0.2641456809
1330,BaO,100,8.829810379
1331,BaO,150,5.738357848
1332,BaO,200,4.346749589
1333,BaO,250,3.514873066
1334,BaO,300,2.952469074
1335,BaO,350,2.545017729
1336,BaO,400,2.235908868
1337,BaO,450,1.993357692
1338,BaO,500,1.797995818
1339,BaO,550,1.637311617
1340,BaO,600,1.502854065
1341,BaO,650,1.388707556
1342,BaO,700,1.290607637
1343,BaO,750,1.205403013
1344,BaO,800,1.130715044
1345,BaO,850,1.064714962
1346,BaO,900,1.005973902
1347,BaO,950,0.9533594303
1348,BaO,1000,0.9059625814
1349,BaO2,100,3.776896877
1350,BaO2,150,2.442770996
1351,BaO2,200,1.85062642
1352,BaO2,250,1.535043911
1353,BaO2,300,1.350097961
1354,BaO2,350,1.232395337
1355,BaO2,400,1.151405151
1356,BaO2,450,1.091693789
1357,BaO2,500,1.045085885
1358,BaO2,550,1.007070707
1359,BaO2,600,0.9750199802
1360,BaO2,650,0.9473365968
1361,BaO2,700,0.9229675924
1362,BaO2,750,0.9012228275
1363,BaO2,800,0.8816107348
1364,BaO2,850,0.8637826314
1365,BaO2,900,0.8474472708
1366,BaO2,950,0.8324008576
1367,BaO2,1000,0.8184742527
1368,Br2Mg,100,9.85728421
1369,Br2Mg,150,5.809448211
1370,Br2Mg,200,4.153177384
1371,Br2Mg,250,3.247622293
1372,Br2Mg,300,2.672881865
1373,Br2Mg,350,2.273999735
1374,Br2Mg,400,1.980222595
1375,Br2Mg,450,1.754467941
1376,Br2Mg,500,1.575404484
1377,Br2Mg,550,1.42979428
1378,Br2Mg,600,1.309006046
1379,Br2Mg,650,1.207156764
1380,Br2Mg,700,1.120094456
1381,Br2Mg,750,1.044802921
1382,Br2Mg,800,0.9790369849
1383,Br2Mg,850,0.9210901967
1384,Br2Mg,900,0.8696419478
1385,Br2Mg,950,0.823653978
1386,Br2Mg,1000,0.782298569
1387,CCdN2,100,14.99535268
1388,CCdN2,150,8.647102866
1389,CCdN2,200,6.204671486
1390,CCdN2,250,4.905938378
1391,CCdN2,300,4.114193737
1392,CCdN2,350,3.594637878
1393,CCdN2,400,3.236106787
1394,CCdN2,450,2.978030499
1395,CCdN2,500,2.784674754
1396,CCdN2,550,2.633979381
1397,CCdN2,600,2.511824768
1398,CCdN2,650,2.409178169
1399,CCdN2,700,2.320092943
1400,CCdN2,750,2.240726739
1401,CCdN2,800,2.168564464
1402,CCdN2,850,2.101894603
1403,CCdN2,900,2.039615055
1404,CCdN2,950,1.980969569
1405,CCdN2,1000,1.925451814
1406,CMgN2,100,80.61605614
1407,CMgN2,150,48.84841329
1408,CMgN2,200,36.1164391
1409,CMgN2,250,28.95056772
1410,CMgN2,300,24.36161704
1411,CMgN2,350,21.21942677
1412,CMgN2,400,18.97066029
1413,CMgN2,450,17.30638693
1414,CMgN2,500,16.03968424
1415,CMgN2,550,15.05100561
1416,CMgN2,600,14.26083583
1417,CMgN2,650,13.61482262
1418,CMgN2,700,13.07510094
1419,CMgN2,750,12.61492421
1420,CMgN2,800,12.21519056
1421,CMgN2,850,11.86212423
1422,CMgN2,900,11.54569615
1423,CMgN2,950,11.25853329
1424,CMgN2,1000,10.99515879
1425,CoSbTi,100,71.94698212
1426,CoSbTi,150,39.85678527
1427,CoSbTi,200,28.14510477
1428,CoSbTi,250,21.96401024
1429,CoSbTi,300,18.08717955
1430,CoSbTi,350,15.40657491
1431,CoSbTi,400,13.4335588
1432,CoSbTi,450,11.91660474
1433,CoSbTi,500,10.71200612
1434,CoSbTi,550,9.731266131
1435,CoSbTi,600,8.916717245
1436,CoSbTi,650,8.229082009
1437,CoSbTi,700,7.64063864
1438,CoSbTi,750,7.131238826
1439,CoSbTi,800,6.685873738
1440,CoSbTi,850,6.293126057
1441,CoSbTi,900,5.9441519
1442,CoSbTi,950,5.631991723
1443,CoSbTi,1000,5.351092128
1444,FeTeTi,100,47.77510186
1445,FeTeTi,150,27.97390388
1446,FeTeTi,200,20.20723302
1447,FeTeTi,250,15.96546812
1448,FeTeTi,300,13.2482261
1449,FeTeTi,350,11.34267814
1450,FeTeTi,400,9.92612451
1451,FeTeTi,450,8.829056425
1452,FeTeTi,500,7.953076182
1453,FeTeTi,550,7.236822284
1454,FeTeTi,600,6.639905309
1455,FeTeTi,650,6.134590871
1456,FeTeTi,700,5.701172897
1457,FeTeTi,750,5.325249135
1458,FeTeTi,800,4.99604088
1459,FeTeTi,850,4.705316094
1460,FeTeTi,900,4.446676468
1461,FeTeTi,950,4.215072092
1462,FeTeTi,1000,4.006462984
1463,K2Se,100,6.880907356
1464,K2Se,150,4.618453126
1465,K2Se,200,3.486497139
1466,K2Se,250,2.802214456
1467,K2Se,300,2.343042851
1468,K2Se,350,2.013376883
1469,K2Se,400,1.765128786
1470,K2Se,450,1.571424299
1471,K2Se,500,1.41605434
1472,K2Se,550,1.288657702
1473,K2Se,600,1.182300415
1474,K2Se,650,1.092166247
1475,K2Se,700,1.014805254
1476,K2Se,750,0.9476812224
1477,K2Se,800,0.8888878628
1478,K2Se,850,0.8369646328
1479,K2Se,900,0.7907736193
1480,K2Se,950,0.7494151002
1481,K2Se,1000,0.7121683113
1482,Mg2N2Sr,100,31.23513272
1483,Mg2N2Sr,150,17.09276661
1484,Mg2N2Sr,200,11.79693249
1485,Mg2N2Sr,250,9.081631992
1486,Mg2N2Sr,300,7.419814663
1487,Mg2N2Sr,350,6.289384315
1488,Mg2N2Sr,400,5.466239766
1489,Mg2N2Sr,450,4.837965626
1490,Mg2N2Sr,500,4.34162832
1491,Mg2N2Sr,550,3.939060967
1492,Mg2N2Sr,600,3.605676549
1493,Mg2N2Sr,650,3.324874102
1494,Mg2N2Sr,700,3.085015452
1495,Mg2N2Sr,750,2.87768673
1496,Mg2N2Sr,800,2.696646973
1497,Mg2N2Sr,850,2.537165154
1498,Mg2N2Sr,900,2.395587194
1499,Mg2N2Sr,950,2.269044572
1500,Mg2N2Sr,1000,2.155253083
1501,NaSbTe2,100,2.560682694
1502,NaSbTe2,150,1.689164398
1503,NaSbTe2,200,1.264387674
1504,NaSbTe2,250,1.011222648
1505,NaSbTe2,300,0.8428104996
1506,NaSbTe2,350,0.7225982104
1507,NaSbTe2,400,0.6324495705
1508,NaSbTe2,450,0.5623258721
1509,NaSbTe2,500,0.5062150676
1510,NaSbTe2,550,0.4602949302
1511,NaSbTe2,600,0.4220184745
1512,NaSbTe2,650,0.3896227249
1513,NaSbTe2,700,0.3618484411
1514,NaSbTe2,750,0.3377721144
1515,NaSbTe2,800,0.3167010253
1516,NaSbTe2,850,0.2981053635
1517,NaSbTe2,900,0.2815729818
1518,NaSbTe2,950,0.2667784416
1519,NaSbTe2,1000,0.2534613434
1520,OSr,100,29.69336552
1521,OSr,150,17.0917051
1522,OSr,200,12.16986761
1523,OSr,250,9.513992783
1524,OSr,300,7.834099787
1525,OSr,350,6.668623222
1526,OSr,400,5.809709843
1527,OSr,450,5.149275567
1528,OSr,500,4.625008147
1529,OSr,550,4.19841813
1530,OSr,600,3.844362394
1531,OSr,650,3.545691466
1532,OSr,700,3.29029232
1533,OSr,750,3.069358531
1534,OSr,800,2.876330043
1535,OSr,850,2.706217566
1536,OSr,900,2.555157662
1537,OSr,950,2.420111324
1538,OSr,1000,2.298654703
