NA_atom_unit,NB_atom_unit,NC_atom_unit,Valence_Con_A,Valence_Con_B,Valence_Con_C,a_?_uint,c_?_unit,HSE_Band_Gap_eV,LVB_window,LCB_Window,B_Gpa,Average_mh,Anisotropy_mh,VB_Extrema_0_1eV,1_00E+18,1E18_Pockets,1E19_Pockets,1E20_Pockets,VB_dos_at_0_1_states_atom,Average_me,Anisotropy_me,CB_Extrema_0_1eV,#NAME?,CB_dos_at_0_1_states_atom,Temperature,Kpa,N_optimal,Type,ZT
0.0,1.0,1.0,0.25,1.0,1.0,0.8140293637846658,0.17699060589900317,0.8372093023255814,0.4177215189873417,0.26865671641791045,0.36049543676662316,0.10232558139534884,0.15458627325208465,0.2,0.7265625,0.0,0.0,0.0,0.03571428571428571,0.36065573770491804,0.041378066378066375,0.1111111111111111,0.8181818181818182,0.0963455149501661,0.0,0.41338582677165353,0.3910533910533911,0.0,0.03
0.0,1.0,1.0,0.25,1.0,1.0,0.8140293637846658,0.17699060589900317,0.8372093023255814,0.4177215189873417,0.26865671641791045,0.36049543676662316,0.10232558139534884,0.15458627325208465,0.2,0.7265625,0.0,0.0,0.0,0.03571428571428571,0.36065573770491804,0.041378066378066375,0.1111111111111111,0.8181818181818182,0.0963455149501661,0.09090909090909091,0.26968503937007876,0.38095238095238104,0.0,0.09
0.0,1.0,1.0,0.25,1.0,1.0,0.8140293637846658,0.17699060589900317,0.8372093023255814,0.4177215189873417,0.26865671641791045,0.36049543676662316,0.10232558139534884,0.15458627325208465,0.2,0.7265625,0.0,0.0,0.0,0.03571428571428571,0.36065573770491804,0.041378066378066375,0.1111111111111111,0.8181818181818182,0.0963455149501661,0.18181818181818182,0.19685039370078738,0.37878787878787884,0.0,0.174
0.0,1.0,1.0,0.25,1.0,1.0,0.8140293637846658,0.17699060589900317,0.8372093023255814,0.4177215189873417,0.26865671641791045,0.36049543676662316,0.10232558139534884,0.15458627325208465,0.2,0.7265625,0.0,0.0,0.0,0.03571428571428571,0.36065573770491804,0.041378066378066375,0.1111111111111111,0.8181818181818182,0.0963455149501661,0.2727272727272727,0.15157480314960628,0.40187590187590194,0.0,0.267
0.0,1.0,1.0,0.25,1.0,1.0,0.8140293637846658,0.17699060589900317,0.8372093023255814,0.4177215189873417,0.26865671641791045,0.36049543676662316,0.10232558139534884,0.15458627325208465,0.2,0.7265625,0.0,0.0,0.0,0.03571428571428571,0.36065573770491804,0.041378066378066375,0.1111111111111111,0.8181818181818182,0.0963455149501661,0.36363636363636365,0.12401574803149605,0.46897546897546905,0.0,0.361
0.0,1.0,1.0,0.25,1.0,1.0,0.8140293637846658,0.17699060589900317,0.8372093023255814,0.4177215189873417,0.26865671641791045,0.36049543676662316,0.10232558139534884,0.15458627325208465,0.2,0.7265625,0.0,0.0,0.0,0.03571428571428571,0.36065573770491804,0.041378066378066375,0.1111111111111111,0.8181818181818182,0.0963455149501661,0.45454545454545453,0.10236220472440945,0.5266955266955268,0.0,0.466
0.0,1.0,1.0,0.25,1.0,1.0,0.8140293637846658,0.17699060589900317,0.8372093023255814,0.4177215189873417,0.26865671641791045,0.36049543676662316,0.10232558139534884,0.15458627325208465,0.2,0.7265625,0.0,0.0,0.0,0.03571428571428571,0.36065573770491804,0.041378066378066375,0.1111111111111111,0.8181818181818182,0.0963455149501661,0.5454545454545454,0.08661417322834646,0.5346320346320347,0.0,0.555
0.0,1.0,1.0,0.25,1.0,1.0,0.8140293637846658,0.17699060589900317,0.8372093023255814,0.4177215189873417,0.26865671641791045,0.36049543676662316,0.10232558139534884,0.15458627325208465,0.2,0.7265625,0.0,0.0,0.0,0.03571428571428571,0.36065573770491804,0.041378066378066375,0.1111111111111111,0.8181818181818182,0.0963455149501661,0.6363636363636364,0.0748031496062992,0.5389610389610391,0.0,0.627
0.0,1.0,1.0,0.25,1.0,1.0,0.8140293637846658,0.17699060589900317,0.8372093023255814,0.4177215189873417,0.26865671641791045,0.36049543676662316,0.10232558139534884,0.15458627325208465,0.2,0.7265625,0.0,0.0,0.0,0.03571428571428571,0.36065573770491804,0.041378066378066375,0.1111111111111111,0.8181818181818182,0.0963455149501661,0.7272727272727273,0.06496062992125984,0.5418470418470419,0.0,0.684
0.0,1.0,1.0,0.25,1.0,1.0,0.8140293637846658,0.17699060589900317,0.8372093023255814,0.4177215189873417,0.26865671641791045,0.36049543676662316,0.10232558139534884,0.15458627325208465,0.2,0.7265625,0.0,0.0,0.0,0.03571428571428571,0.36065573770491804,0.041378066378066375,0.1111111111111111,0.8181818181818182,0.0963455149501661,0.8181818181818182,0.057086614173228335,0.5440115440115441,0.0,0.7290000000000001
0.0,1.0,1.0,0.25,1.0,1.0,0.8140293637846658,0.17699060589900317,0.8372093023255814,0.4177215189873417,0.26865671641791045,0.36049543676662316,0.10232558139534884,0.15458627325208465,0.2,0.7265625,0.0,0.0,0.0,0.03571428571428571,0.36065573770491804,0.041378066378066375,0.1111111111111111,0.8181818181818182,0.0963455149501661,0.9090909090909091,0.049212598425196846,0.5461760461760463,0.0,0.7659999999999999
0.0,1.0,1.0,0.25,1.0,1.0,0.8140293637846658,0.17699060589900317,0.8372093023255814,0.4177215189873417,0.26865671641791045,0.36049543676662316,0.10232558139534884,0.15458627325208465,0.2,0.7265625,0.0,0.0,0.0,0.03571428571428571,0.36065573770491804,0.041378066378066375,0.1111111111111111,0.8181818181818182,0.0963455149501661,1.0,0.04330708661417323,0.5461760461760463,0.0,0.79
0.0,0.0,0.0,0.625,0.0,1.0,0.5350734094616637,0.5119579931903022,0.5930232558139535,0.2531645569620253,0.1865671641791045,0.3940677966101695,0.04651162790697674,0.023733162283515064,0.6000000000000001,0.5546875,0.0,0.0,0.0,0.10714285714285715,0.19854280510018213,0.03787878787878788,0.3333333333333333,0.09090909090909091,0.09302325581395349,0.0,0.4881889763779527,0.5440115440115441,0.0,0.04
0.0,0.0,0.0,0.625,0.0,1.0,0.5350734094616637,0.5119579931903022,0.5930232558139535,0.2531645569620253,0.1865671641791045,0.3940677966101695,0.04651162790697674,0.023733162283515064,0.6000000000000001,0.5546875,0.0,0.0,0.0,0.10714285714285715,0.19854280510018213,0.03787878787878788,0.3333333333333333,0.09090909090909091,0.09302325581395349,0.09090909090909091,0.3188976377952756,0.5382395382395383,0.0,0.129
0.0,0.0,0.0,0.625,0.0,1.0,0.5350734094616637,0.5119579931903022,0.5930232558139535,0.2531645569620253,0.1865671641791045,0.3940677966101695,0.04651162790697674,0.023733162283515064,0.6000000000000001,0.5546875,0.0,0.0,0.0,0.10714285714285715,0.19854280510018213,0.03787878787878788,0.3333333333333333,0.09090909090909091,0.09302325581395349,0.18181818181818182,0.23425196850393698,0.5346320346320347,0.0,0.26
0.0,0.0,0.0,0.625,0.0,1.0,0.5350734094616637,0.5119579931903022,0.5930232558139535,0.2531645569620253,0.1865671641791045,0.3940677966101695,0.04651162790697674,0.023733162283515064,0.6000000000000001,0.5546875,0.0,0.0,0.0,0.10714285714285715,0.19854280510018213,0.03787878787878788,0.3333333333333333,0.09090909090909091,0.09302325581395349,0.2727272727272727,0.1830708661417323,0.5346320346320347,0.0,0.391
0.0,0.0,0.0,0.625,0.0,1.0,0.5350734094616637,0.5119579931903022,0.5930232558139535,0.2531645569620253,0.1865671641791045,0.3940677966101695,0.04651162790697674,0.023733162283515064,0.6000000000000001,0.5546875,0.0,0.0,0.0,0.10714285714285715,0.19854280510018213,0.03787878787878788,0.3333333333333333,0.09090909090909091,0.09302325581395349,0.36363636363636365,0.1496062992125984,0.5353535353535354,0.0,0.501
0.0,0.0,0.0,0.625,0.0,1.0,0.5350734094616637,0.5119579931903022,0.5930232558139535,0.2531645569620253,0.1865671641791045,0.3940677966101695,0.04651162790697674,0.023733162283515064,0.6000000000000001,0.5546875,0.0,0.0,0.0,0.10714285714285715,0.19854280510018213,0.03787878787878788,0.3333333333333333,0.09090909090909091,0.09302325581395349,0.45454545454545453,0.12401574803149605,0.5360750360750361,0.0,0.589
0.0,0.0,0.0,0.625,0.0,1.0,0.5350734094616637,0.5119579931903022,0.5930232558139535,0.2531645569620253,0.1865671641791045,0.3940677966101695,0.04651162790697674,0.023733162283515064,0.6000000000000001,0.5546875,0.0,0.0,0.0,0.10714285714285715,0.19854280510018213,0.03787878787878788,0.3333333333333333,0.09090909090909091,0.09302325581395349,0.5454545454545454,0.10629921259842519,0.5375180375180376,0.0,0.655
0.0,0.0,0.0,0.625,0.0,1.0,0.5350734094616637,0.5119579931903022,0.5930232558139535,0.2531645569620253,0.1865671641791045,0.3940677966101695,0.04651162790697674,0.023733162283515064,0.6000000000000001,0.5546875,0.0,0.0,0.0,0.10714285714285715,0.19854280510018213,0.03787878787878788,0.3333333333333333,0.09090909090909091,0.09302325581395349,0.6363636363636364,0.0905511811023622,0.5382395382395383,0.0,0.708
0.0,0.0,0.0,0.625,0.0,1.0,0.5350734094616637,0.5119579931903022,0.5930232558139535,0.2531645569620253,0.1865671641791045,0.3940677966101695,0.04651162790697674,0.023733162283515064,0.6000000000000001,0.5546875,0.0,0.0,0.0,0.10714285714285715,0.19854280510018213,0.03787878787878788,0.3333333333333333,0.09090909090909091,0.09302325581395349,0.7272727272727273,0.08070866141732283,0.5382395382395383,0.0,0.746
0.0,0.0,0.0,0.625,0.0,1.0,0.5350734094616637,0.5119579931903022,0.5930232558139535,0.2531645569620253,0.1865671641791045,0.3940677966101695,0.04651162790697674,0.023733162283515064,0.6000000000000001,0.5546875,0.0,0.0,0.0,0.10714285714285715,0.19854280510018213,0.03787878787878788,0.3333333333333333,0.09090909090909091,0.09302325581395349,0.8181818181818182,0.07086614173228345,0.5389610389610391,0.0,0.7759999999999999
0.0,0.0,0.0,0.625,0.0,1.0,0.5350734094616637,0.5119579931903022,0.5930232558139535,0.2531645569620253,0.1865671641791045,0.3940677966101695,0.04651162790697674,0.023733162283515064,0.6000000000000001,0.5546875,0.0,0.0,0.0,0.10714285714285715,0.19854280510018213,0.03787878787878788,0.3333333333333333,0.09090909090909091,0.09302325581395349,0.9090909090909091,0.06299212598425197,0.5367965367965369,0.0,0.794
0.0,0.0,0.0,0.625,0.0,1.0,0.5350734094616637,0.5119579931903022,0.5930232558139535,0.2531645569620253,0.1865671641791045,0.3940677966101695,0.04651162790697674,0.023733162283515064,0.6000000000000001,0.5546875,0.0,0.0,0.0,0.10714285714285715,0.19854280510018213,0.03787878787878788,0.3333333333333333,0.09090909090909091,0.09302325581395349,1.0,0.05511811023622047,0.5360750360750361,0.0,0.809
0.0,1.0,1.0,0.25,0.5,0.5,0.3409461663947799,0.13627599786684172,0.1395348837209302,0.6075949367088609,0.6865671641791046,0.4820730117340288,0.0,0.4554201411161,0.0,0.71875,0.5,0.5,0.4,0.00974025974025974,0.0,0.17402597402597403,0.0,0.09090909090909091,0.0033222591362126247,0.0,0.4744094488188975,0.6652236652236654,1.0,0.02
0.0,1.0,1.0,0.25,0.5,0.5,0.3409461663947799,0.13627599786684172,0.1395348837209302,0.6075949367088609,0.6865671641791046,0.4820730117340288,0.0,0.4554201411161,0.0,0.71875,0.5,0.5,0.4,0.00974025974025974,0.0,0.17402597402597403,0.0,0.09090909090909091,0.0033222591362126247,0.09090909090909091,0.3129921259842519,0.686868686868687,1.0,0.047
0.0,1.0,1.0,0.25,0.5,0.5,0.3409461663947799,0.13627599786684172,0.1395348837209302,0.6075949367088609,0.6865671641791046,0.4820730117340288,0.0,0.4554201411161,0.0,0.71875,0.5,0.5,0.4,0.00974025974025974,0.0,0.17402597402597403,0.0,0.09090909090909091,0.0033222591362126247,0.18181818181818182,0.23031496062992124,0.7034632034632036,1.0,0.104
0.0,1.0,1.0,0.25,0.5,0.5,0.3409461663947799,0.13627599786684172,0.1395348837209302,0.6075949367088609,0.6865671641791046,0.4820730117340288,0.0,0.4554201411161,0.0,0.71875,0.5,0.5,0.4,0.00974025974025974,0.0,0.17402597402597403,0.0,0.09090909090909091,0.0033222591362126247,0.2727272727272727,0.1811023622047244,0.70995670995671,1.0,0.16899999999999998
0.0,1.0,1.0,0.25,0.5,0.5,0.3409461663947799,0.13627599786684172,0.1395348837209302,0.6075949367088609,0.6865671641791046,0.4820730117340288,0.0,0.4554201411161,0.0,0.71875,0.5,0.5,0.4,0.00974025974025974,0.0,0.17402597402597403,0.0,0.09090909090909091,0.0033222591362126247,0.36363636363636365,0.14763779527559054,0.7113997113997115,1.0,0.235
0.0,1.0,1.0,0.25,0.5,0.5,0.3409461663947799,0.13627599786684172,0.1395348837209302,0.6075949367088609,0.6865671641791046,0.4820730117340288,0.0,0.4554201411161,0.0,0.71875,0.5,0.5,0.4,0.00974025974025974,0.0,0.17402597402597403,0.0,0.09090909090909091,0.0033222591362126247,0.45454545454545453,0.12204724409448818,0.70995670995671,1.0,0.29600000000000004
0.0,1.0,1.0,0.25,0.5,0.5,0.3409461663947799,0.13627599786684172,0.1395348837209302,0.6075949367088609,0.6865671641791046,0.4820730117340288,0.0,0.4554201411161,0.0,0.71875,0.5,0.5,0.4,0.00974025974025974,0.0,0.17402597402597403,0.0,0.09090909090909091,0.0033222591362126247,0.5454545454545454,0.10433070866141732,0.7041847041847042,1.0,0.35100000000000003
0.0,1.0,1.0,0.25,0.5,0.5,0.3409461663947799,0.13627599786684172,0.1395348837209302,0.6075949367088609,0.6865671641791046,0.4820730117340288,0.0,0.4554201411161,0.0,0.71875,0.5,0.5,0.4,0.00974025974025974,0.0,0.17402597402597403,0.0,0.09090909090909091,0.0033222591362126247,0.6363636363636364,0.0905511811023622,0.6976911976911978,1.0,0.401
0.0,1.0,1.0,0.25,0.5,0.5,0.3409461663947799,0.13627599786684172,0.1395348837209302,0.6075949367088609,0.6865671641791046,0.4820730117340288,0.0,0.4554201411161,0.0,0.71875,0.5,0.5,0.4,0.00974025974025974,0.0,0.17402597402597403,0.0,0.09090909090909091,0.0033222591362126247,0.7272727272727273,0.07874015748031496,0.6883116883116884,1.0,0.447
0.0,1.0,1.0,0.25,0.5,0.5,0.3409461663947799,0.13627599786684172,0.1395348837209302,0.6075949367088609,0.6865671641791046,0.4820730117340288,0.0,0.4554201411161,0.0,0.71875,0.5,0.5,0.4,0.00974025974025974,0.0,0.17402597402597403,0.0,0.09090909090909091,0.0033222591362126247,0.8181818181818182,0.06889763779527558,0.6774891774891776,1.0,0.489
0.0,1.0,1.0,0.25,0.5,0.5,0.3409461663947799,0.13627599786684172,0.1395348837209302,0.6075949367088609,0.6865671641791046,0.4820730117340288,0.0,0.4554201411161,0.0,0.71875,0.5,0.5,0.4,0.00974025974025974,0.0,0.17402597402597403,0.0,0.09090909090909091,0.0033222591362126247,0.9090909090909091,0.06102362204724409,0.6652236652236654,1.0,0.525
0.0,1.0,1.0,0.25,0.5,0.5,0.3409461663947799,0.13627599786684172,0.1395348837209302,0.6075949367088609,0.6865671641791046,0.4820730117340288,0.0,0.4554201411161,0.0,0.71875,0.5,0.5,0.4,0.00974025974025974,0.0,0.17402597402597403,0.0,0.09090909090909091,0.0033222591362126247,1.0,0.05511811023622047,0.6529581529581531,1.0,0.5579999999999999
0.0,0.0,0.0,0.25,1.0,1.0,0.7814029363784675,0.5343151331172826,1.0,0.13924050632911392,0.14925373134328357,0.48565840938722304,0.06976744186046512,0.21552277100705575,0.0,0.43749999999999994,0.0,0.0,0.0,0.00974025974025974,0.34426229508196726,0.08946608946608947,0.4444444444444444,0.7272727272727273,0.15282392026578073,0.0,0.4940944881889763,0.38816738816738827,0.0,0.03
0.0,0.0,0.0,0.25,1.0,1.0,0.7814029363784675,0.5343151331172826,1.0,0.13924050632911392,0.14925373134328357,0.48565840938722304,0.06976744186046512,0.21552277100705575,0.0,0.43749999999999994,0.0,0.0,0.0,0.00974025974025974,0.34426229508196726,0.08946608946608947,0.4444444444444444,0.7272727272727273,0.15282392026578073,0.09090909090909091,0.3248031496062992,0.39971139971139974,0.0,0.099
0.0,0.0,0.0,0.25,1.0,1.0,0.7814029363784675,0.5343151331172826,1.0,0.13924050632911392,0.14925373134328357,0.48565840938722304,0.06976744186046512,0.21552277100705575,0.0,0.43749999999999994,0.0,0.0,0.0,0.00974025974025974,0.34426229508196726,0.08946608946608947,0.4444444444444444,0.7272727272727273,0.15282392026578073,0.18181818181818182,0.23818897637795272,0.43290043290043295,0.0,0.196
0.0,0.0,0.0,0.25,1.0,1.0,0.7814029363784675,0.5343151331172826,1.0,0.13924050632911392,0.14925373134328357,0.48565840938722304,0.06976744186046512,0.21552277100705575,0.0,0.43749999999999994,0.0,0.0,0.0,0.00974025974025974,0.34426229508196726,0.08946608946608947,0.4444444444444444,0.7272727272727273,0.15282392026578073,0.2727272727272727,0.18700787401574803,0.4711399711399712,0.0,0.304
0.0,0.0,0.0,0.25,1.0,1.0,0.7814029363784675,0.5343151331172826,1.0,0.13924050632911392,0.14925373134328357,0.48565840938722304,0.06976744186046512,0.21552277100705575,0.0,0.43749999999999994,0.0,0.0,0.0,0.00974025974025974,0.34426229508196726,0.08946608946608947,0.4444444444444444,0.7272727272727273,0.15282392026578073,0.36363636363636365,0.15157480314960628,0.5007215007215008,0.0,0.411
0.0,0.0,0.0,0.25,1.0,1.0,0.7814029363784675,0.5343151331172826,1.0,0.13924050632911392,0.14925373134328357,0.48565840938722304,0.06976744186046512,0.21552277100705575,0.0,0.43749999999999994,0.0,0.0,0.0,0.00974025974025974,0.34426229508196726,0.08946608946608947,0.4444444444444444,0.7272727272727273,0.15282392026578073,0.45454545454545453,0.12598425196850394,0.5165945165945167,0.0,0.506
0.0,0.0,0.0,0.25,1.0,1.0,0.7814029363784675,0.5343151331172826,1.0,0.13924050632911392,0.14925373134328357,0.48565840938722304,0.06976744186046512,0.21552277100705575,0.0,0.43749999999999994,0.0,0.0,0.0,0.00974025974025974,0.34426229508196726,0.08946608946608947,0.4444444444444444,0.7272727272727273,0.15282392026578073,0.5454545454545454,0.10826771653543307,0.5252525252525253,0.0,0.583
0.0,0.0,0.0,0.25,1.0,1.0,0.7814029363784675,0.5343151331172826,1.0,0.13924050632911392,0.14925373134328357,0.48565840938722304,0.06976744186046512,0.21552277100705575,0.0,0.43749999999999994,0.0,0.0,0.0,0.00974025974025974,0.34426229508196726,0.08946608946608947,0.4444444444444444,0.7272727272727273,0.15282392026578073,0.6363636363636364,0.09251968503937007,0.5303030303030304,0.0,0.647
0.0,0.0,0.0,0.25,1.0,1.0,0.7814029363784675,0.5343151331172826,1.0,0.13924050632911392,0.14925373134328357,0.48565840938722304,0.06976744186046512,0.21552277100705575,0.0,0.43749999999999994,0.0,0.0,0.0,0.00974025974025974,0.34426229508196726,0.08946608946608947,0.4444444444444444,0.7272727272727273,0.15282392026578073,0.7272727272727273,0.08070866141732283,0.5324675324675325,0.0,0.6970000000000001
0.0,0.0,0.0,0.25,1.0,1.0,0.7814029363784675,0.5343151331172826,1.0,0.13924050632911392,0.14925373134328357,0.48565840938722304,0.06976744186046512,0.21552277100705575,0.0,0.43749999999999994,0.0,0.0,0.0,0.00974025974025974,0.34426229508196726,0.08946608946608947,0.4444444444444444,0.7272727272727273,0.15282392026578073,0.8181818181818182,0.07283464566929133,0.5346320346320347,0.0,0.7340000000000001
0.0,0.0,0.0,0.25,1.0,1.0,0.7814029363784675,0.5343151331172826,1.0,0.13924050632911392,0.14925373134328357,0.48565840938722304,0.06976744186046512,0.21552277100705575,0.0,0.43749999999999994,0.0,0.0,0.0,0.00974025974025974,0.34426229508196726,0.08946608946608947,0.4444444444444444,0.7272727272727273,0.15282392026578073,0.9090909090909091,0.06496062992125984,0.5360750360750361,0.0,0.7659999999999999
0.0,0.0,0.0,0.25,1.0,1.0,0.7814029363784675,0.5343151331172826,1.0,0.13924050632911392,0.14925373134328357,0.48565840938722304,0.06976744186046512,0.21552277100705575,0.0,0.43749999999999994,0.0,0.0,0.0,0.00974025974025974,0.34426229508196726,0.08946608946608947,0.4444444444444444,0.7272727272727273,0.15282392026578073,1.0,0.057086614173228335,0.5375180375180376,0.0,0.792
0.0,1.0,1.0,0.25,0.5,1.0,0.6965742251223492,0.1699963079952414,0.33720930232558144,0.6202531645569622,0.27611940298507465,0.5114080834419819,0.05116279069767441,0.07568954457985887,0.0,0.1328124999999999,0.0,0.5,0.4,0.003246753246753247,0.42440801457194904,0.025901875901875912,0.6666666666666666,0.6363636363636364,0.3388704318936877,0.0,0.4881889763779527,0.11327561327561331,0.0,0.02
0.0,1.0,1.0,0.25,0.5,1.0,0.6965742251223492,0.1699963079952414,0.33720930232558144,0.6202531645569622,0.27611940298507465,0.5114080834419819,0.05116279069767441,0.07568954457985887,0.0,0.1328124999999999,0.0,0.5,0.4,0.003246753246753247,0.42440801457194904,0.025901875901875912,0.6666666666666666,0.6363636363636364,0.3388704318936877,0.09090909090909091,0.3228346456692913,0.19624819624819625,0.0,0.06
0.0,1.0,1.0,0.25,0.5,1.0,0.6965742251223492,0.1699963079952414,0.33720930232558144,0.6202531645569622,0.27611940298507465,0.5114080834419819,0.05116279069767441,0.07568954457985887,0.0,0.1328124999999999,0.0,0.5,0.4,0.003246753246753247,0.42440801457194904,0.025901875901875912,0.6666666666666666,0.6363636363636364,0.3388704318936877,0.18181818181818182,0.23818897637795272,0.36580086580086585,0.0,0.135
0.0,1.0,1.0,0.25,0.5,1.0,0.6965742251223492,0.1699963079952414,0.33720930232558144,0.6202531645569622,0.27611940298507465,0.5114080834419819,0.05116279069767441,0.07568954457985887,0.0,0.1328124999999999,0.0,0.5,0.4,0.003246753246753247,0.42440801457194904,0.025901875901875912,0.6666666666666666,0.6363636363636364,0.3388704318936877,0.2727272727272727,0.18503937007874016,0.3874458874458875,0.0,0.234
0.0,1.0,1.0,0.25,0.5,1.0,0.6965742251223492,0.1699963079952414,0.33720930232558144,0.6202531645569622,0.27611940298507465,0.5114080834419819,0.05116279069767441,0.07568954457985887,0.0,0.1328124999999999,0.0,0.5,0.4,0.003246753246753247,0.42440801457194904,0.025901875901875912,0.6666666666666666,0.6363636363636364,0.3388704318936877,0.36363636363636365,0.15157480314960628,0.42424242424242437,0.0,0.34
0.0,1.0,1.0,0.25,0.5,1.0,0.6965742251223492,0.1699963079952414,0.33720930232558144,0.6202531645569622,0.27611940298507465,0.5114080834419819,0.05116279069767441,0.07568954457985887,0.0,0.1328124999999999,0.0,0.5,0.4,0.003246753246753247,0.42440801457194904,0.025901875901875912,0.6666666666666666,0.6363636363636364,0.3388704318936877,0.45454545454545453,0.12598425196850394,0.4696969696969697,0.0,0.444
0.0,1.0,1.0,0.25,0.5,1.0,0.6965742251223492,0.1699963079952414,0.33720930232558144,0.6202531645569622,0.27611940298507465,0.5114080834419819,0.05116279069767441,0.07568954457985887,0.0,0.1328124999999999,0.0,0.5,0.4,0.003246753246753247,0.42440801457194904,0.025901875901875912,0.6666666666666666,0.6363636363636364,0.3388704318936877,0.5454545454545454,0.10826771653543307,0.49422799422799424,0.0,0.536
0.0,1.0,1.0,0.25,0.5,1.0,0.6965742251223492,0.1699963079952414,0.33720930232558144,0.6202531645569622,0.27611940298507465,0.5114080834419819,0.05116279069767441,0.07568954457985887,0.0,0.1328124999999999,0.0,0.5,0.4,0.003246753246753247,0.42440801457194904,0.025901875901875912,0.6666666666666666,0.6363636363636364,0.3388704318936877,0.6363636363636364,0.09251968503937007,0.5086580086580087,0.0,0.615
0.0,1.0,1.0,0.25,0.5,1.0,0.6965742251223492,0.1699963079952414,0.33720930232558144,0.6202531645569622,0.27611940298507465,0.5114080834419819,0.05116279069767441,0.07568954457985887,0.0,0.1328124999999999,0.0,0.5,0.4,0.003246753246753247,0.42440801457194904,0.025901875901875912,0.6666666666666666,0.6363636363636364,0.3388704318936877,0.7272727272727273,0.08070866141732283,0.5165945165945167,0.0,0.6759999999999999
0.0,1.0,1.0,0.25,0.5,1.0,0.6965742251223492,0.1699963079952414,0.33720930232558144,0.6202531645569622,0.27611940298507465,0.5114080834419819,0.05116279069767441,0.07568954457985887,0.0,0.1328124999999999,0.0,0.5,0.4,0.003246753246753247,0.42440801457194904,0.025901875901875912,0.6666666666666666,0.6363636363636364,0.3388704318936877,0.8181818181818182,0.07283464566929133,0.5216450216450217,0.0,0.722
0.0,1.0,1.0,0.25,0.5,1.0,0.6965742251223492,0.1699963079952414,0.33720930232558144,0.6202531645569622,0.27611940298507465,0.5114080834419819,0.05116279069767441,0.07568954457985887,0.0,0.1328124999999999,0.0,0.5,0.4,0.003246753246753247,0.42440801457194904,0.025901875901875912,0.6666666666666666,0.6363636363636364,0.3388704318936877,0.9090909090909091,0.06496062992125984,0.5252525252525253,0.0,0.759
0.0,1.0,1.0,0.25,0.5,1.0,0.6965742251223492,0.1699963079952414,0.33720930232558144,0.6202531645569622,0.27611940298507465,0.5114080834419819,0.05116279069767441,0.07568954457985887,0.0,0.1328124999999999,0.0,0.5,0.4,0.003246753246753247,0.42440801457194904,0.025901875901875912,0.6666666666666666,0.6363636363636364,0.3388704318936877,1.0,0.057086614173228335,0.5281385281385282,0.0,0.789
0.5,0.0,0.3333333333333333,1.0,0.5,1.0,0.9102773246329532,0.04120687533330599,0.49999999999999994,0.7088607594936709,0.6343283582089553,0.5511734028683182,0.07441860465116278,0.07697241821680563,0.0,0.47656249999999994,0.0,0.0,0.2,0.006493506493506494,0.36247723132969034,0.02128427128427129,0.0,0.09090909090909091,0.009966777408637873,0.0,0.39173228346456684,0.4191919191919193,0.0,0.03
0.5,0.0,0.3333333333333333,1.0,0.5,1.0,0.9102773246329532,0.04120687533330599,0.49999999999999994,0.7088607594936709,0.6343283582089553,0.5511734028683182,0.07441860465116278,0.07697241821680563,0.0,0.47656249999999994,0.0,0.0,0.2,0.006493506493506494,0.36247723132969034,0.02128427128427129,0.0,0.09090909090909091,0.009966777408637873,0.09090909090909091,0.25393700787401574,0.4415584415584416,0.0,0.083
0.5,0.0,0.3333333333333333,1.0,0.5,1.0,0.9102773246329532,0.04120687533330599,0.49999999999999994,0.7088607594936709,0.6343283582089553,0.5511734028683182,0.07441860465116278,0.07697241821680563,0.0,0.47656249999999994,0.0,0.0,0.2,0.006493506493506494,0.36247723132969034,0.02128427128427129,0.0,0.09090909090909091,0.009966777408637873,0.18181818181818182,0.18503937007874016,0.4711399711399712,0.0,0.165
0.5,0.0,0.3333333333333333,1.0,0.5,1.0,0.9102773246329532,0.04120687533330599,0.49999999999999994,0.7088607594936709,0.6343283582089553,0.5511734028683182,0.07441860465116278,0.07697241821680563,0.0,0.47656249999999994,0.0,0.0,0.2,0.006493506493506494,0.36247723132969034,0.02128427128427129,0.0,0.09090909090909091,0.009966777408637873,0.2727272727272727,0.1437007874015748,0.49567099567099576,0.0,0.262
0.5,0.0,0.3333333333333333,1.0,0.5,1.0,0.9102773246329532,0.04120687533330599,0.49999999999999994,0.7088607594936709,0.6343283582089553,0.5511734028683182,0.07441860465116278,0.07697241821680563,0.0,0.47656249999999994,0.0,0.0,0.2,0.006493506493506494,0.36247723132969034,0.02128427128427129,0.0,0.09090909090909091,0.009966777408637873,0.36363636363636365,0.11614173228346455,0.5086580086580087,0.0,0.35700000000000004
0.5,0.0,0.3333333333333333,1.0,0.5,1.0,0.9102773246329532,0.04120687533330599,0.49999999999999994,0.7088607594936709,0.6343283582089553,0.5511734028683182,0.07441860465116278,0.07697241821680563,0.0,0.47656249999999994,0.0,0.0,0.2,0.006493506493506494,0.36247723132969034,0.02128427128427129,0.0,0.09090909090909091,0.009966777408637873,0.45454545454545453,0.09645669291338582,0.5180375180375181,0.0,0.442
0.5,0.0,0.3333333333333333,1.0,0.5,1.0,0.9102773246329532,0.04120687533330599,0.49999999999999994,0.7088607594936709,0.6343283582089553,0.5511734028683182,0.07441860465116278,0.07697241821680563,0.0,0.47656249999999994,0.0,0.0,0.2,0.006493506493506494,0.36247723132969034,0.02128427128427129,0.0,0.09090909090909091,0.009966777408637873,0.5454545454545454,0.08070866141732283,0.5266955266955268,0.0,0.516
0.5,0.0,0.3333333333333333,1.0,0.5,1.0,0.9102773246329532,0.04120687533330599,0.49999999999999994,0.7088607594936709,0.6343283582089553,0.5511734028683182,0.07441860465116278,0.07697241821680563,0.0,0.47656249999999994,0.0,0.0,0.2,0.006493506493506494,0.36247723132969034,0.02128427128427129,0.0,0.09090909090909091,0.009966777408637873,0.6363636363636364,0.06889763779527558,0.5346320346320347,0.0,0.579
0.5,0.0,0.3333333333333333,1.0,0.5,1.0,0.9102773246329532,0.04120687533330599,0.49999999999999994,0.7088607594936709,0.6343283582089553,0.5511734028683182,0.07441860465116278,0.07697241821680563,0.0,0.47656249999999994,0.0,0.0,0.2,0.006493506493506494,0.36247723132969034,0.02128427128427129,0.0,0.09090909090909091,0.009966777408637873,0.7272727272727273,0.05905511811023621,0.5411255411255412,0.0,0.633
0.5,0.0,0.3333333333333333,1.0,0.5,1.0,0.9102773246329532,0.04120687533330599,0.49999999999999994,0.7088607594936709,0.6343283582089553,0.5511734028683182,0.07441860465116278,0.07697241821680563,0.0,0.47656249999999994,0.0,0.0,0.2,0.006493506493506494,0.36247723132969034,0.02128427128427129,0.0,0.09090909090909091,0.009966777408637873,0.8181818181818182,0.053149606299212594,0.5454545454545455,0.0,0.674
0.5,0.0,0.3333333333333333,1.0,0.5,1.0,0.9102773246329532,0.04120687533330599,0.49999999999999994,0.7088607594936709,0.6343283582089553,0.5511734028683182,0.07441860465116278,0.07697241821680563,0.0,0.47656249999999994,0.0,0.0,0.2,0.006493506493506494,0.36247723132969034,0.02128427128427129,0.0,0.09090909090909091,0.009966777408637873,0.9090909090909091,0.0452755905511811,0.546897546897547,0.0,0.7040000000000001
0.5,0.0,0.3333333333333333,1.0,0.5,1.0,0.9102773246329532,0.04120687533330599,0.49999999999999994,0.7088607594936709,0.6343283582089553,0.5511734028683182,0.07441860465116278,0.07697241821680563,0.0,0.47656249999999994,0.0,0.0,0.2,0.006493506493506494,0.36247723132969034,0.02128427128427129,0.0,0.09090909090909091,0.009966777408637873,1.0,0.04133858267716536,0.5476190476190477,0.0,0.73
0.5,0.0,0.3333333333333333,0.25,0.5,1.0,0.6688417618270809,0.02834639209090539,0.33720930232558144,0.8227848101265823,0.5895522388059701,0.5752933507170797,0.03720930232558139,0.23155869146889024,0.0,0.2656249999999999,0.0,0.5,0.2,0.003246753246753247,0.39890710382513667,0.0025252525252525276,0.3333333333333333,0.36363636363636365,0.16279069767441862,0.0,0.5944881889763779,0.2914862914862915,0.0,0.02
0.5,0.0,0.3333333333333333,0.25,0.5,1.0,0.6688417618270809,0.02834639209090539,0.33720930232558144,0.8227848101265823,0.5895522388059701,0.5752933507170797,0.03720930232558139,0.23155869146889024,0.0,0.2656249999999999,0.0,0.5,0.2,0.003246753246753247,0.39890710382513667,0.0025252525252525276,0.3333333333333333,0.36363636363636365,0.16279069767441862,0.09090909090909091,0.3976377952755905,0.5346320346320347,0.0,0.064
0.5,0.0,0.3333333333333333,0.25,0.5,1.0,0.6688417618270809,0.02834639209090539,0.33720930232558144,0.8227848101265823,0.5895522388059701,0.5752933507170797,0.03720930232558139,0.23155869146889024,0.0,0.2656249999999999,0.0,0.5,0.2,0.003246753246753247,0.39890710382513667,0.0025252525252525276,0.3333333333333333,0.36363636363636365,0.16279069767441862,0.18181818181818182,0.2952755905511811,0.5303030303030304,0.0,0.14800000000000002
0.5,0.0,0.3333333333333333,0.25,0.5,1.0,0.6688417618270809,0.02834639209090539,0.33720930232558144,0.8227848101265823,0.5895522388059701,0.5752933507170797,0.03720930232558139,0.23155869146889024,0.0,0.2656249999999999,0.0,0.5,0.2,0.003246753246753247,0.39890710382513667,0.0025252525252525276,0.3333333333333333,0.36363636363636365,0.16279069767441862,0.2727272727272727,0.23228346456692914,0.5281385281385282,0.0,0.261
0.5,0.0,0.3333333333333333,0.25,0.5,1.0,0.6688417618270809,0.02834639209090539,0.33720930232558144,0.8227848101265823,0.5895522388059701,0.5752933507170797,0.03720930232558139,0.23155869146889024,0.0,0.2656249999999999,0.0,0.5,0.2,0.003246753246753247,0.39890710382513667,0.0025252525252525276,0.3333333333333333,0.36363636363636365,0.16279069767441862,0.36363636363636365,0.19094488188976377,0.5317460317460319,0.0,0.383
0.5,0.0,0.3333333333333333,0.25,0.5,1.0,0.6688417618270809,0.02834639209090539,0.33720930232558144,0.8227848101265823,0.5895522388059701,0.5752933507170797,0.03720930232558139,0.23155869146889024,0.0,0.2656249999999999,0.0,0.5,0.2,0.003246753246753247,0.39890710382513667,0.0025252525252525276,0.3333333333333333,0.36363636363636365,0.16279069767441862,0.45454545454545453,0.16141732283464563,0.5367965367965369,0.0,0.495
0.5,0.0,0.3333333333333333,0.25,0.5,1.0,0.6688417618270809,0.02834639209090539,0.33720930232558144,0.8227848101265823,0.5895522388059701,0.5752933507170797,0.03720930232558139,0.23155869146889024,0.0,0.2656249999999999,0.0,0.5,0.2,0.003246753246753247,0.39890710382513667,0.0025252525252525276,0.3333333333333333,0.36363636363636365,0.16279069767441862,0.5454545454545454,0.13779527559055116,0.5411255411255412,0.0,0.591
0.5,0.0,0.3333333333333333,0.25,0.5,1.0,0.6688417618270809,0.02834639209090539,0.33720930232558144,0.8227848101265823,0.5895522388059701,0.5752933507170797,0.03720930232558139,0.23155869146889024,0.0,0.2656249999999999,0.0,0.5,0.2,0.003246753246753247,0.39890710382513667,0.0025252525252525276,0.3333333333333333,0.36363636363636365,0.16279069767441862,0.6363636363636364,0.1200787401574803,0.5432900432900434,0.0,0.6659999999999999
0.5,0.0,0.3333333333333333,0.25,0.5,1.0,0.6688417618270809,0.02834639209090539,0.33720930232558144,0.8227848101265823,0.5895522388059701,0.5752933507170797,0.03720930232558139,0.23155869146889024,0.0,0.2656249999999999,0.0,0.5,0.2,0.003246753246753247,0.39890710382513667,0.0025252525252525276,0.3333333333333333,0.36363636363636365,0.16279069767441862,0.7272727272727273,0.10629921259842519,0.5454545454545455,0.0,0.7240000000000001
0.5,0.0,0.3333333333333333,0.25,0.5,1.0,0.6688417618270809,0.02834639209090539,0.33720930232558144,0.8227848101265823,0.5895522388059701,0.5752933507170797,0.03720930232558139,0.23155869146889024,0.0,0.2656249999999999,0.0,0.5,0.2,0.003246753246753247,0.39890710382513667,0.0025252525252525276,0.3333333333333333,0.36363636363636365,0.16279069767441862,0.8181818181818182,0.09448818897637794,0.546897546897547,0.0,0.768
0.5,0.0,0.3333333333333333,0.25,0.5,1.0,0.6688417618270809,0.02834639209090539,0.33720930232558144,0.8227848101265823,0.5895522388059701,0.5752933507170797,0.03720930232558139,0.23155869146889024,0.0,0.2656249999999999,0.0,0.5,0.2,0.003246753246753247,0.39890710382513667,0.0025252525252525276,0.3333333333333333,0.36363636363636365,0.16279069767441862,0.9090909090909091,0.08464566929133858,0.5476190476190477,0.0,0.8009999999999999
0.5,0.0,0.3333333333333333,0.25,0.5,1.0,0.6688417618270809,0.02834639209090539,0.33720930232558144,0.8227848101265823,0.5895522388059701,0.5752933507170797,0.03720930232558139,0.23155869146889024,0.0,0.2656249999999999,0.0,0.5,0.2,0.003246753246753247,0.39890710382513667,0.0025252525252525276,0.3333333333333333,0.36363636363636365,0.16279069767441862,1.0,0.07677165354330709,0.546897546897547,0.0,0.8240000000000001
1.0,0.0,0.6666666666666666,1.0,0.5,1.0,0.9575856443719416,1.0,0.6162790697674418,0.13924050632911392,0.20149253731343278,0.5860495436766624,0.06976744186046512,0.0,0.0,0.6562499999999999,0.0,0.0,0.2,0.006493506493506494,0.4171220400728598,0.04220779220779221,0.0,0.4545454545454546,0.07973421926910298,0.0,0.40551181102362205,0.4927849927849928,0.0,0.01
1.0,0.0,0.6666666666666666,1.0,0.5,1.0,0.9575856443719416,1.0,0.6162790697674418,0.13924050632911392,0.20149253731343278,0.5860495436766624,0.06976744186046512,0.0,0.0,0.6562499999999999,0.0,0.0,0.2,0.006493506493506494,0.4171220400728598,0.04220779220779221,0.0,0.4545454545454546,0.07973421926910298,0.09090909090909091,0.26574803149606296,0.4386724386724387,0.0,0.048
1.0,0.0,0.6666666666666666,1.0,0.5,1.0,0.9575856443719416,1.0,0.6162790697674418,0.13924050632911392,0.20149253731343278,0.5860495436766624,0.06976744186046512,0.0,0.0,0.6562499999999999,0.0,0.0,0.2,0.006493506493506494,0.4171220400728598,0.04220779220779221,0.0,0.4545454545454546,0.07973421926910298,0.18181818181818182,0.19488188976377954,0.46753246753246763,0.0,0.114
1.0,0.0,0.6666666666666666,1.0,0.5,1.0,0.9575856443719416,1.0,0.6162790697674418,0.13924050632911392,0.20149253731343278,0.5860495436766624,0.06976744186046512,0.0,0.0,0.6562499999999999,0.0,0.0,0.2,0.006493506493506494,0.4171220400728598,0.04220779220779221,0.0,0.4545454545454546,0.07973421926910298,0.2727272727272727,0.15157480314960628,0.4797979797979799,0.0,0.2
1.0,0.0,0.6666666666666666,1.0,0.5,1.0,0.9575856443719416,1.0,0.6162790697674418,0.13924050632911392,0.20149253731343278,0.5860495436766624,0.06976744186046512,0.0,0.0,0.6562499999999999,0.0,0.0,0.2,0.006493506493506494,0.4171220400728598,0.04220779220779221,0.0,0.4545454545454546,0.07973421926910298,0.36363636363636365,0.12401574803149605,0.48917748917748927,0.0,0.29100000000000004
1.0,0.0,0.6666666666666666,1.0,0.5,1.0,0.9575856443719416,1.0,0.6162790697674418,0.13924050632911392,0.20149253731343278,0.5860495436766624,0.06976744186046512,0.0,0.0,0.6562499999999999,0.0,0.0,0.2,0.006493506493506494,0.4171220400728598,0.04220779220779221,0.0,0.4545454545454546,0.07973421926910298,0.45454545454545453,0.10236220472440945,0.4992784992784993,0.0,0.38
1.0,0.0,0.6666666666666666,1.0,0.5,1.0,0.9575856443719416,1.0,0.6162790697674418,0.13924050632911392,0.20149253731343278,0.5860495436766624,0.06976744186046512,0.0,0.0,0.6562499999999999,0.0,0.0,0.2,0.006493506493506494,0.4171220400728598,0.04220779220779221,0.0,0.4545454545454546,0.07973421926910298,0.5454545454545454,0.08661417322834646,0.5086580086580087,0.0,0.459
1.0,0.0,0.6666666666666666,1.0,0.5,1.0,0.9575856443719416,1.0,0.6162790697674418,0.13924050632911392,0.20149253731343278,0.5860495436766624,0.06976744186046512,0.0,0.0,0.6562499999999999,0.0,0.0,0.2,0.006493506493506494,0.4171220400728598,0.04220779220779221,0.0,0.4545454545454546,0.07973421926910298,0.6363636363636364,0.0748031496062992,0.5165945165945167,0.0,0.527
1.0,0.0,0.6666666666666666,1.0,0.5,1.0,0.9575856443719416,1.0,0.6162790697674418,0.13924050632911392,0.20149253731343278,0.5860495436766624,0.06976744186046512,0.0,0.0,0.6562499999999999,0.0,0.0,0.2,0.006493506493506494,0.4171220400728598,0.04220779220779221,0.0,0.4545454545454546,0.07973421926910298,0.7272727272727273,0.06496062992125984,0.5238095238095238,0.0,0.586
1.0,0.0,0.6666666666666666,1.0,0.5,1.0,0.9575856443719416,1.0,0.6162790697674418,0.13924050632911392,0.20149253731343278,0.5860495436766624,0.06976744186046512,0.0,0.0,0.6562499999999999,0.0,0.0,0.2,0.006493506493506494,0.4171220400728598,0.04220779220779221,0.0,0.4545454545454546,0.07973421926910298,0.8181818181818182,0.057086614173228335,0.5295815295815296,0.0,0.636
1.0,0.0,0.6666666666666666,1.0,0.5,1.0,0.9575856443719416,1.0,0.6162790697674418,0.13924050632911392,0.20149253731343278,0.5860495436766624,0.06976744186046512,0.0,0.0,0.6562499999999999,0.0,0.0,0.2,0.006493506493506494,0.4171220400728598,0.04220779220779221,0.0,0.4545454545454546,0.07973421926910298,0.9090909090909091,0.049212598425196846,0.5331890331890333,0.0,0.6729999999999999
1.0,0.0,0.6666666666666666,1.0,0.5,1.0,0.9575856443719416,1.0,0.6162790697674418,0.13924050632911392,0.20149253731343278,0.5860495436766624,0.06976744186046512,0.0,0.0,0.6562499999999999,0.0,0.0,0.2,0.006493506493506494,0.4171220400728598,0.04220779220779221,0.0,0.4545454545454546,0.07973421926910298,1.0,0.04330708661417323,0.5346320346320347,0.0,0.6990000000000001
1.0,0.0,0.6666666666666666,0.625,0.5,1.0,0.8792822185970639,0.9838577347499692,0.2906976744186046,0.4430379746835443,0.09701492537313436,0.590612777053455,0.023255813953488372,0.025657472738935205,0.0,0.5703125,0.0,0.5,0.2,0.003246753246753247,0.1621129326047359,0.009379509379509382,0.4444444444444444,0.5454545454545454,0.3488372093023256,0.0,0.5295275590551181,0.5490620490620491,0.0,0.02
1.0,0.0,0.6666666666666666,0.625,0.5,1.0,0.8792822185970639,0.9838577347499692,0.2906976744186046,0.4430379746835443,0.09701492537313436,0.590612777053455,0.023255813953488372,0.025657472738935205,0.0,0.5703125,0.0,0.5,0.2,0.003246753246753247,0.1621129326047359,0.009379509379509382,0.4444444444444444,0.5454545454545454,0.3488372093023256,0.09090909090909091,0.35433070866141725,0.5447330447330447,0.0,0.07400000000000001
1.0,0.0,0.6666666666666666,0.625,0.5,1.0,0.8792822185970639,0.9838577347499692,0.2906976744186046,0.4430379746835443,0.09701492537313436,0.590612777053455,0.023255813953488372,0.025657472738935205,0.0,0.5703125,0.0,0.5,0.2,0.003246753246753247,0.1621129326047359,0.009379509379509382,0.4444444444444444,0.5454545454545454,0.3488372093023256,0.18181818181818182,0.2618110236220472,0.5396825396825398,0.0,0.155
1.0,0.0,0.6666666666666666,0.625,0.5,1.0,0.8792822185970639,0.9838577347499692,0.2906976744186046,0.4430379746835443,0.09701492537313436,0.590612777053455,0.023255813953488372,0.025657472738935205,0.0,0.5703125,0.0,0.5,0.2,0.003246753246753247,0.1621129326047359,0.009379509379509382,0.4444444444444444,0.5454545454545454,0.3488372093023256,0.2727272727272727,0.2066929133858267,0.5353535353535354,0.0,0.255
1.0,0.0,0.6666666666666666,0.625,0.5,1.0,0.8792822185970639,0.9838577347499692,0.2906976744186046,0.4430379746835443,0.09701492537313436,0.590612777053455,0.023255813953488372,0.025657472738935205,0.0,0.5703125,0.0,0.5,0.2,0.003246753246753247,0.1621129326047359,0.009379509379509382,0.4444444444444444,0.5454545454545454,0.3488372093023256,0.36363636363636365,0.16732283464566927,0.5324675324675325,0.0,0.359
1.0,0.0,0.6666666666666666,0.625,0.5,1.0,0.8792822185970639,0.9838577347499692,0.2906976744186046,0.4430379746835443,0.09701492537313436,0.590612777053455,0.023255813953488372,0.025657472738935205,0.0,0.5703125,0.0,0.5,0.2,0.003246753246753247,0.1621129326047359,0.009379509379509382,0.4444444444444444,0.5454545454545454,0.3488372093023256,0.45454545454545453,0.1417322834645669,0.5317460317460319,0.0,0.451
1.0,0.0,0.6666666666666666,0.625,0.5,1.0,0.8792822185970639,0.9838577347499692,0.2906976744186046,0.4430379746835443,0.09701492537313436,0.590612777053455,0.023255813953488372,0.025657472738935205,0.0,0.5703125,0.0,0.5,0.2,0.003246753246753247,0.1621129326047359,0.009379509379509382,0.4444444444444444,0.5454545454545454,0.3488372093023256,0.5454545454545454,0.1200787401574803,0.5310245310245311,0.0,0.531
1.0,0.0,0.6666666666666666,0.625,0.5,1.0,0.8792822185970639,0.9838577347499692,0.2906976744186046,0.4430379746835443,0.09701492537313436,0.590612777053455,0.023255813953488372,0.025657472738935205,0.0,0.5703125,0.0,0.5,0.2,0.003246753246753247,0.1621129326047359,0.009379509379509382,0.4444444444444444,0.5454545454545454,0.3488372093023256,0.6363636363636364,0.10433070866141732,0.5324675324675325,0.0,0.595
1.0,0.0,0.6666666666666666,0.625,0.5,1.0,0.8792822185970639,0.9838577347499692,0.2906976744186046,0.4430379746835443,0.09701492537313436,0.590612777053455,0.023255813953488372,0.025657472738935205,0.0,0.5703125,0.0,0.5,0.2,0.003246753246753247,0.1621129326047359,0.009379509379509382,0.4444444444444444,0.5454545454545454,0.3488372093023256,0.7272727272727273,0.09251968503937007,0.5331890331890333,0.0,0.6459999999999999
1.0,0.0,0.6666666666666666,0.625,0.5,1.0,0.8792822185970639,0.9838577347499692,0.2906976744186046,0.4430379746835443,0.09701492537313436,0.590612777053455,0.023255813953488372,0.025657472738935205,0.0,0.5703125,0.0,0.5,0.2,0.003246753246753247,0.1621129326047359,0.009379509379509382,0.4444444444444444,0.5454545454545454,0.3488372093023256,0.8181818181818182,0.08070866141732283,0.533910533910534,0.0,0.6890000000000001
1.0,0.0,0.6666666666666666,0.625,0.5,1.0,0.8792822185970639,0.9838577347499692,0.2906976744186046,0.4430379746835443,0.09701492537313436,0.590612777053455,0.023255813953488372,0.025657472738935205,0.0,0.5703125,0.0,0.5,0.2,0.003246753246753247,0.1621129326047359,0.009379509379509382,0.4444444444444444,0.5454545454545454,0.3488372093023256,0.9090909090909091,0.07283464566929133,0.5346320346320347,0.0,0.721
1.0,0.0,0.6666666666666666,0.625,0.5,1.0,0.8792822185970639,0.9838577347499692,0.2906976744186046,0.4430379746835443,0.09701492537313436,0.590612777053455,0.023255813953488372,0.025657472738935205,0.0,0.5703125,0.0,0.5,0.2,0.003246753246753247,0.1621129326047359,0.009379509379509382,0.4444444444444444,0.5454545454545454,0.3488372093023256,1.0,0.06496062992125984,0.533910533910534,0.0,0.747
0.0,0.0,0.0,0.625,0.5,0.5,0.42577487765089816,0.4795503958649546,0.36046511627906974,0.4430379746835443,0.708955223880597,0.5968057366362451,0.09302325581395349,0.01667735728030789,0.0,0.703125,0.5,0.5,0.4,0.012987012987012988,0.28961748633879786,0.2218614718614719,0.0,0.09090909090909091,0.0,0.0,0.49212598425196846,0.43145743145743154,1.0,0.01
0.0,0.0,0.0,0.625,0.5,0.5,0.42577487765089816,0.4795503958649546,0.36046511627906974,0.4430379746835443,0.708955223880597,0.5968057366362451,0.09302325581395349,0.01667735728030789,0.0,0.703125,0.5,0.5,0.4,0.012987012987012988,0.28961748633879786,0.2218614718614719,0.0,0.09090909090909091,0.0,0.09090909090909091,0.3208661417322834,0.43145743145743154,1.0,0.042
0.0,0.0,0.0,0.625,0.5,0.5,0.42577487765089816,0.4795503958649546,0.36046511627906974,0.4430379746835443,0.708955223880597,0.5968057366362451,0.09302325581395349,0.01667735728030789,0.0,0.703125,0.5,0.5,0.4,0.012987012987012988,0.28961748633879786,0.2218614718614719,0.0,0.09090909090909091,0.0,0.18181818181818182,0.2362204724409449,0.6709956709956711,1.0,0.085
0.0,0.0,0.0,0.625,0.5,0.5,0.42577487765089816,0.4795503958649546,0.36046511627906974,0.4430379746835443,0.708955223880597,0.5968057366362451,0.09302325581395349,0.01667735728030789,0.0,0.703125,0.5,0.5,0.4,0.012987012987012988,0.28961748633879786,0.2218614718614719,0.0,0.09090909090909091,0.0,0.2727272727272727,0.18503937007874016,0.6645021645021646,1.0,0.151
0.0,0.0,0.0,0.625,0.5,0.5,0.42577487765089816,0.4795503958649546,0.36046511627906974,0.4430379746835443,0.708955223880597,0.5968057366362451,0.09302325581395349,0.01667735728030789,0.0,0.703125,0.5,0.5,0.4,0.012987012987012988,0.28961748633879786,0.2218614718614719,0.0,0.09090909090909091,0.0,0.36363636363636365,0.1496062992125984,0.660894660894661,1.0,0.224
0.0,0.0,0.0,0.625,0.5,0.5,0.42577487765089816,0.4795503958649546,0.36046511627906974,0.4430379746835443,0.708955223880597,0.5968057366362451,0.09302325581395349,0.01667735728030789,0.0,0.703125,0.5,0.5,0.4,0.012987012987012988,0.28961748633879786,0.2218614718614719,0.0,0.09090909090909091,0.0,0.45454545454545453,0.12598425196850394,0.6551226551226552,1.0,0.29600000000000004
0.0,0.0,0.0,0.625,0.5,0.5,0.42577487765089816,0.4795503958649546,0.36046511627906974,0.4430379746835443,0.708955223880597,0.5968057366362451,0.09302325581395349,0.01667735728030789,0.0,0.703125,0.5,0.5,0.4,0.012987012987012988,0.28961748633879786,0.2218614718614719,0.0,0.09090909090909091,0.0,0.5454545454545454,0.10629921259842519,0.6471861471861473,1.0,0.366
0.0,0.0,0.0,0.625,0.5,0.5,0.42577487765089816,0.4795503958649546,0.36046511627906974,0.4430379746835443,0.708955223880597,0.5968057366362451,0.09302325581395349,0.01667735728030789,0.0,0.703125,0.5,0.5,0.4,0.012987012987012988,0.28961748633879786,0.2218614718614719,0.0,0.09090909090909091,0.0,0.6363636363636364,0.09251968503937007,0.6385281385281386,1.0,0.43
0.0,0.0,0.0,0.625,0.5,0.5,0.42577487765089816,0.4795503958649546,0.36046511627906974,0.4430379746835443,0.708955223880597,0.5968057366362451,0.09302325581395349,0.01667735728030789,0.0,0.703125,0.5,0.5,0.4,0.012987012987012988,0.28961748633879786,0.2218614718614719,0.0,0.09090909090909091,0.0,0.7272727272727273,0.08070866141732283,0.6277056277056278,1.0,0.49
0.0,0.0,0.0,0.625,0.5,0.5,0.42577487765089816,0.4795503958649546,0.36046511627906974,0.4430379746835443,0.708955223880597,0.5968057366362451,0.09302325581395349,0.01667735728030789,0.0,0.703125,0.5,0.5,0.4,0.012987012987012988,0.28961748633879786,0.2218614718614719,0.0,0.09090909090909091,0.0,0.8181818181818182,0.07086614173228345,0.6176046176046177,1.0,0.542
0.0,0.0,0.0,0.625,0.5,0.5,0.42577487765089816,0.4795503958649546,0.36046511627906974,0.4430379746835443,0.708955223880597,0.5968057366362451,0.09302325581395349,0.01667735728030789,0.0,0.703125,0.5,0.5,0.4,0.012987012987012988,0.28961748633879786,0.2218614718614719,0.0,0.09090909090909091,0.0,0.9090909090909091,0.06299212598425197,0.6125541125541126,1.0,0.584
0.0,0.0,0.0,0.625,0.5,0.5,0.42577487765089816,0.4795503958649546,0.36046511627906974,0.4430379746835443,0.708955223880597,0.5968057366362451,0.09302325581395349,0.01667735728030789,0.0,0.703125,0.5,0.5,0.4,0.012987012987012988,0.28961748633879786,0.2218614718614719,0.0,0.09090909090909091,0.0,1.0,0.057086614173228335,0.6103896103896105,1.0,0.621
0.0,0.0,0.0,0.0,1.0,1.0,0.7047308319739017,0.5330024203142306,0.9069767441860465,0.18987341772151903,0.06716417910447763,0.6192959582790091,0.09302325581395349,0.35535599743425267,0.0,0.5546875,0.0,0.0,0.0,0.12987012987012986,0.18032786885245905,0.0,0.5555555555555556,0.7272727272727273,0.6378737541528239,0.0,0.38976377952755903,0.5454545454545455,0.0,0.07
0.0,0.0,0.0,0.0,1.0,1.0,0.7047308319739017,0.5330024203142306,0.9069767441860465,0.18987341772151903,0.06716417910447763,0.6192959582790091,0.09302325581395349,0.35535599743425267,0.0,0.5546875,0.0,0.0,0.0,0.12987012987012986,0.18032786885245905,0.0,0.5555555555555556,0.7272727272727273,0.6378737541528239,0.09090909090909091,0.24999999999999997,0.5418470418470419,0.0,0.196
0.0,0.0,0.0,0.0,1.0,1.0,0.7047308319739017,0.5330024203142306,0.9069767441860465,0.18987341772151903,0.06716417910447763,0.6192959582790091,0.09302325581395349,0.35535599743425267,0.0,0.5546875,0.0,0.0,0.0,0.12987012987012986,0.18032786885245905,0.0,0.5555555555555556,0.7272727272727273,0.6378737541528239,0.18181818181818182,0.1811023622047244,0.5396825396825398,0.0,0.35100000000000003
0.0,0.0,0.0,0.0,1.0,1.0,0.7047308319739017,0.5330024203142306,0.9069767441860465,0.18987341772151903,0.06716417910447763,0.6192959582790091,0.09302325581395349,0.35535599743425267,0.0,0.5546875,0.0,0.0,0.0,0.12987012987012986,0.18032786885245905,0.0,0.5555555555555556,0.7272727272727273,0.6378737541528239,0.2727272727272727,0.1417322834645669,0.5396825396825398,0.0,0.486
0.0,0.0,0.0,0.0,1.0,1.0,0.7047308319739017,0.5330024203142306,0.9069767441860465,0.18987341772151903,0.06716417910447763,0.6192959582790091,0.09302325581395349,0.35535599743425267,0.0,0.5546875,0.0,0.0,0.0,0.12987012987012986,0.18032786885245905,0.0,0.5555555555555556,0.7272727272727273,0.6378737541528239,0.36363636363636365,0.11417322834645667,0.5396825396825398,0.0,0.593
0.0,0.0,0.0,0.0,1.0,1.0,0.7047308319739017,0.5330024203142306,0.9069767441860465,0.18987341772151903,0.06716417910447763,0.6192959582790091,0.09302325581395349,0.35535599743425267,0.0,0.5546875,0.0,0.0,0.0,0.12987012987012986,0.18032786885245905,0.0,0.5555555555555556,0.7272727272727273,0.6378737541528239,0.45454545454545453,0.09448818897637794,0.5411255411255412,0.0,0.6729999999999999
0.0,0.0,0.0,0.0,1.0,1.0,0.7047308319739017,0.5330024203142306,0.9069767441860465,0.18987341772151903,0.06716417910447763,0.6192959582790091,0.09302325581395349,0.35535599743425267,0.0,0.5546875,0.0,0.0,0.0,0.12987012987012986,0.18032786885245905,0.0,0.5555555555555556,0.7272727272727273,0.6378737541528239,0.5454545454545454,0.07874015748031496,0.5418470418470419,0.0,0.733
0.0,0.0,0.0,0.0,1.0,1.0,0.7047308319739017,0.5330024203142306,0.9069767441860465,0.18987341772151903,0.06716417910447763,0.6192959582790091,0.09302325581395349,0.35535599743425267,0.0,0.5546875,0.0,0.0,0.0,0.12987012987012986,0.18032786885245905,0.0,0.5555555555555556,0.7272727272727273,0.6378737541528239,0.6363636363636364,0.06692913385826772,0.5418470418470419,0.0,0.777
0.0,0.0,0.0,0.0,1.0,1.0,0.7047308319739017,0.5330024203142306,0.9069767441860465,0.18987341772151903,0.06716417910447763,0.6192959582790091,0.09302325581395349,0.35535599743425267,0.0,0.5546875,0.0,0.0,0.0,0.12987012987012986,0.18032786885245905,0.0,0.5555555555555556,0.7272727272727273,0.6378737541528239,0.7272727272727273,0.05905511811023621,0.5425685425685427,0.0,0.8079999999999999
0.0,0.0,0.0,0.0,1.0,1.0,0.7047308319739017,0.5330024203142306,0.9069767441860465,0.18987341772151903,0.06716417910447763,0.6192959582790091,0.09302325581395349,0.35535599743425267,0.0,0.5546875,0.0,0.0,0.0,0.12987012987012986,0.18032786885245905,0.0,0.5555555555555556,0.7272727272727273,0.6378737541528239,0.8181818181818182,0.051181102362204724,0.5425685425685427,0.0,0.8270000000000001
0.0,0.0,0.0,0.0,1.0,1.0,0.7047308319739017,0.5330024203142306,0.9069767441860465,0.18987341772151903,0.06716417910447763,0.6192959582790091,0.09302325581395349,0.35535599743425267,0.0,0.5546875,0.0,0.0,0.0,0.12987012987012986,0.18032786885245905,0.0,0.5555555555555556,0.7272727272727273,0.6378737541528239,0.9090909090909091,0.0452755905511811,0.5418470418470419,0.0,0.84
0.0,0.0,0.0,0.0,1.0,1.0,0.7047308319739017,0.5330024203142306,0.9069767441860465,0.18987341772151903,0.06716417910447763,0.6192959582790091,0.09302325581395349,0.35535599743425267,0.0,0.5546875,0.0,0.0,0.0,0.12987012987012986,0.18032786885245905,0.0,0.5555555555555556,0.7272727272727273,0.6378737541528239,1.0,0.03937007874015748,0.5404040404040404,0.0,0.851
0.5,0.0,0.3333333333333333,0.625,0.0,1.0,0.6296900489396421,0.030787217459080304,0.4302325581395349,0.8481012658227849,0.5373134328358208,0.6518904823989569,0.032558139534883714,0.008338678640153937,0.4,0.6093749999999999,0.0,0.0,0.0,0.30844155844155846,0.19854280510018213,0.006132756132756131,0.3333333333333333,0.4545454545454546,1.0,0.0,0.3602362204724409,0.5165945165945167,0.0,0.07
0.5,0.0,0.3333333333333333,0.625,0.0,1.0,0.6296900489396421,0.030787217459080304,0.4302325581395349,0.8481012658227849,0.5373134328358208,0.6518904823989569,0.032558139534883714,0.008338678640153937,0.4,0.6093749999999999,0.0,0.0,0.0,0.30844155844155846,0.19854280510018213,0.006132756132756131,0.3333333333333333,0.4545454545454546,1.0,0.09090909090909091,0.23425196850393698,0.5230880230880232,0.0,0.182
0.5,0.0,0.3333333333333333,0.625,0.0,1.0,0.6296900489396421,0.030787217459080304,0.4302325581395349,0.8481012658227849,0.5373134328358208,0.6518904823989569,0.032558139534883714,0.008338678640153937,0.4,0.6093749999999999,0.0,0.0,0.0,0.30844155844155846,0.19854280510018213,0.006132756132756131,0.3333333333333333,0.4545454545454546,1.0,0.18181818181818182,0.16929133858267714,0.533910533910534,0.0,0.33
0.5,0.0,0.3333333333333333,0.625,0.0,1.0,0.6296900489396421,0.030787217459080304,0.4302325581395349,0.8481012658227849,0.5373134328358208,0.6518904823989569,0.032558139534883714,0.008338678640153937,0.4,0.6093749999999999,0.0,0.0,0.0,0.30844155844155846,0.19854280510018213,0.006132756132756131,0.3333333333333333,0.4545454545454546,1.0,0.2727272727272727,0.13188976377952755,0.5418470418470419,0.0,0.468
0.5,0.0,0.3333333333333333,0.625,0.0,1.0,0.6296900489396421,0.030787217459080304,0.4302325581395349,0.8481012658227849,0.5373134328358208,0.6518904823989569,0.032558139534883714,0.008338678640153937,0.4,0.6093749999999999,0.0,0.0,0.0,0.30844155844155846,0.19854280510018213,0.006132756132756131,0.3333333333333333,0.4545454545454546,1.0,0.36363636363636365,0.10629921259842519,0.5440115440115441,0.0,0.5760000000000001
0.5,0.0,0.3333333333333333,0.625,0.0,1.0,0.6296900489396421,0.030787217459080304,0.4302325581395349,0.8481012658227849,0.5373134328358208,0.6518904823989569,0.032558139534883714,0.008338678640153937,0.4,0.6093749999999999,0.0,0.0,0.0,0.30844155844155846,0.19854280510018213,0.006132756132756131,0.3333333333333333,0.4545454545454546,1.0,0.45454545454545453,0.08661417322834646,0.5461760461760463,0.0,0.6559999999999999
0.5,0.0,0.3333333333333333,0.625,0.0,1.0,0.6296900489396421,0.030787217459080304,0.4302325581395349,0.8481012658227849,0.5373134328358208,0.6518904823989569,0.032558139534883714,0.008338678640153937,0.4,0.6093749999999999,0.0,0.0,0.0,0.30844155844155846,0.19854280510018213,0.006132756132756131,0.3333333333333333,0.4545454545454546,1.0,0.5454545454545454,0.07283464566929133,0.5476190476190477,0.0,0.7120000000000001
0.5,0.0,0.3333333333333333,0.625,0.0,1.0,0.6296900489396421,0.030787217459080304,0.4302325581395349,0.8481012658227849,0.5373134328358208,0.6518904823989569,0.032558139534883714,0.008338678640153937,0.4,0.6093749999999999,0.0,0.0,0.0,0.30844155844155846,0.19854280510018213,0.006132756132756131,0.3333333333333333,0.4545454545454546,1.0,0.6363636363636364,0.06299212598425197,0.5483405483405485,0.0,0.7490000000000001
0.5,0.0,0.3333333333333333,0.625,0.0,1.0,0.6296900489396421,0.030787217459080304,0.4302325581395349,0.8481012658227849,0.5373134328358208,0.6518904823989569,0.032558139534883714,0.008338678640153937,0.4,0.6093749999999999,0.0,0.0,0.0,0.30844155844155846,0.19854280510018213,0.006132756132756131,0.3333333333333333,0.4545454545454546,1.0,0.7272727272727273,0.053149606299212594,0.5476190476190477,0.0,0.772
0.5,0.0,0.3333333333333333,0.625,0.0,1.0,0.6296900489396421,0.030787217459080304,0.4302325581395349,0.8481012658227849,0.5373134328358208,0.6518904823989569,0.032558139534883714,0.008338678640153937,0.4,0.6093749999999999,0.0,0.0,0.0,0.30844155844155846,0.19854280510018213,0.006132756132756131,0.3333333333333333,0.4545454545454546,1.0,0.8181818181818182,0.04724409448818897,0.546897546897547,0.0,0.7909999999999999
0.5,0.0,0.3333333333333333,0.625,0.0,1.0,0.6296900489396421,0.030787217459080304,0.4302325581395349,0.8481012658227849,0.5373134328358208,0.6518904823989569,0.032558139534883714,0.008338678640153937,0.4,0.6093749999999999,0.0,0.0,0.0,0.30844155844155846,0.19854280510018213,0.006132756132756131,0.3333333333333333,0.4545454545454546,1.0,0.9090909090909091,0.04133858267716536,0.5447330447330447,0.0,0.805
0.5,0.0,0.3333333333333333,0.625,0.0,1.0,0.6296900489396421,0.030787217459080304,0.4302325581395349,0.8481012658227849,0.5373134328358208,0.6518904823989569,0.032558139534883714,0.008338678640153937,0.4,0.6093749999999999,0.0,0.0,0.0,0.30844155844155846,0.19854280510018213,0.006132756132756131,0.3333333333333333,0.4545454545454546,1.0,1.0,0.035433070866141725,0.5411255411255412,0.0,0.815
0.0,0.0,0.0,0.0,0.5,1.0,0.6166394779771625,0.5206547155105221,0.32558139534883723,0.32911392405063294,0.17910447761194032,0.6864406779661016,0.027906976744186043,0.09942270686337394,0.0,0.08593749999999997,0.5,0.5,0.2,0.0,0.07103825136612023,0.01515151515151515,0.5555555555555556,0.09090909090909091,0.09966777408637874,0.0,0.46259842519685035,0.40043290043290053,0.0,0.03
0.0,0.0,0.0,0.0,0.5,1.0,0.6166394779771625,0.5206547155105221,0.32558139534883723,0.32911392405063294,0.17910447761194032,0.6864406779661016,0.027906976744186043,0.09942270686337394,0.0,0.08593749999999997,0.5,0.5,0.2,0.0,0.07103825136612023,0.01515151515151515,0.5555555555555556,0.09090909090909091,0.09966777408637874,0.09090909090909091,0.30118110236220463,0.386002886002886,0.0,0.087
0.0,0.0,0.0,0.0,0.5,1.0,0.6166394779771625,0.5206547155105221,0.32558139534883723,0.32911392405063294,0.17910447761194032,0.6864406779661016,0.027906976744186043,0.09942270686337394,0.0,0.08593749999999997,0.5,0.5,0.2,0.0,0.07103825136612023,0.01515151515151515,0.5555555555555556,0.09090909090909091,0.09966777408637874,0.18181818181818182,0.22244094488188973,0.40187590187590194,0.0,0.173
0.0,0.0,0.0,0.0,0.5,1.0,0.6166394779771625,0.5206547155105221,0.32558139534883723,0.32911392405063294,0.17910447761194032,0.6864406779661016,0.027906976744186043,0.09942270686337394,0.0,0.08593749999999997,0.5,0.5,0.2,0.0,0.07103825136612023,0.01515151515151515,0.5555555555555556,0.09090909090909091,0.09966777408637874,0.2727272727272727,0.1732283464566929,0.4473304473304474,0.0,0.272
0.0,0.0,0.0,0.0,0.5,1.0,0.6166394779771625,0.5206547155105221,0.32558139534883723,0.32911392405063294,0.17910447761194032,0.6864406779661016,0.027906976744186043,0.09942270686337394,0.0,0.08593749999999997,0.5,0.5,0.2,0.0,0.07103825136612023,0.01515151515151515,0.5555555555555556,0.09090909090909091,0.09966777408637874,0.36363636363636365,0.13976377952755903,0.5288600288600289,0.0,0.388
0.0,0.0,0.0,0.0,0.5,1.0,0.6166394779771625,0.5206547155105221,0.32558139534883723,0.32911392405063294,0.17910447761194032,0.6864406779661016,0.027906976744186043,0.09942270686337394,0.0,0.08593749999999997,0.5,0.5,0.2,0.0,0.07103825136612023,0.01515151515151515,0.5555555555555556,0.09090909090909091,0.09966777408637874,0.45454545454545453,0.11614173228346455,0.5331890331890333,0.0,0.494
0.0,0.0,0.0,0.0,0.5,1.0,0.6166394779771625,0.5206547155105221,0.32558139534883723,0.32911392405063294,0.17910447761194032,0.6864406779661016,0.027906976744186043,0.09942270686337394,0.0,0.08593749999999997,0.5,0.5,0.2,0.0,0.07103825136612023,0.01515151515151515,0.5555555555555556,0.09090909090909091,0.09966777408637874,0.5454545454545454,0.10039370078740156,0.5353535353535354,0.0,0.5770000000000001
0.0,0.0,0.0,0.0,0.5,1.0,0.6166394779771625,0.5206547155105221,0.32558139534883723,0.32911392405063294,0.17910447761194032,0.6864406779661016,0.027906976744186043,0.09942270686337394,0.0,0.08593749999999997,0.5,0.5,0.2,0.0,0.07103825136612023,0.01515151515151515,0.5555555555555556,0.09090909090909091,0.09966777408637874,0.6363636363636364,0.08661417322834646,0.5367965367965369,0.0,0.644
0.0,0.0,0.0,0.0,0.5,1.0,0.6166394779771625,0.5206547155105221,0.32558139534883723,0.32911392405063294,0.17910447761194032,0.6864406779661016,0.027906976744186043,0.09942270686337394,0.0,0.08593749999999997,0.5,0.5,0.2,0.0,0.07103825136612023,0.01515151515151515,0.5555555555555556,0.09090909090909091,0.09966777408637874,0.7272727272727273,0.0748031496062992,0.5382395382395383,0.0,0.6970000000000001
0.0,0.0,0.0,0.0,0.5,1.0,0.6166394779771625,0.5206547155105221,0.32558139534883723,0.32911392405063294,0.17910447761194032,0.6864406779661016,0.027906976744186043,0.09942270686337394,0.0,0.08593749999999997,0.5,0.5,0.2,0.0,0.07103825136612023,0.01515151515151515,0.5555555555555556,0.09090909090909091,0.09966777408637874,0.8181818181818182,0.06692913385826772,0.5375180375180376,0.0,0.7340000000000001
0.0,0.0,0.0,0.0,0.5,1.0,0.6166394779771625,0.5206547155105221,0.32558139534883723,0.32911392405063294,0.17910447761194032,0.6864406779661016,0.027906976744186043,0.09942270686337394,0.0,0.08593749999999997,0.5,0.5,0.2,0.0,0.07103825136612023,0.01515151515151515,0.5555555555555556,0.09090909090909091,0.09966777408637874,0.9090909090909091,0.05905511811023621,0.5360750360750361,0.0,0.758
0.0,0.0,0.0,0.0,0.5,1.0,0.6166394779771625,0.5206547155105221,0.32558139534883723,0.32911392405063294,0.17910447761194032,0.6864406779661016,0.027906976744186043,0.09942270686337394,0.0,0.08593749999999997,0.5,0.5,0.2,0.0,0.07103825136612023,0.01515151515151515,0.5555555555555556,0.09090909090909091,0.09966777408637874,1.0,0.053149606299212594,0.533910533910534,0.0,0.778
0.0,0.0,0.0,1.0,0.0,1.0,0.569331158238174,0.5228083849530295,0.9069767441860465,0.1518987341772152,0.20895522388059698,0.6939374185136898,0.023255813953488372,0.0224502886465683,0.6000000000000001,0.6093749999999999,0.0,0.0,0.0,0.2759740259740259,0.18032786885245905,0.058441558441558454,0.0,0.09090909090909091,0.0033222591362126247,0.0,0.4606299212598425,0.4776334776334777,0.0,0.03
0.0,0.0,0.0,1.0,0.0,1.0,0.569331158238174,0.5228083849530295,0.9069767441860465,0.1518987341772152,0.20895522388059698,0.6939374185136898,0.023255813953488372,0.0224502886465683,0.6000000000000001,0.6093749999999999,0.0,0.0,0.0,0.2759740259740259,0.18032786885245905,0.058441558441558454,0.0,0.09090909090909091,0.0033222591362126247,0.09090909090909091,0.30118110236220463,0.49567099567099576,0.0,0.104
0.0,0.0,0.0,1.0,0.0,1.0,0.569331158238174,0.5228083849530295,0.9069767441860465,0.1518987341772152,0.20895522388059698,0.6939374185136898,0.023255813953488372,0.0224502886465683,0.6000000000000001,0.6093749999999999,0.0,0.0,0.0,0.2759740259740259,0.18032786885245905,0.058441558441558454,0.0,0.09090909090909091,0.0033222591362126247,0.18181818181818182,0.22244094488188973,0.507936507936508,0.0,0.209
0.0,0.0,0.0,1.0,0.0,1.0,0.569331158238174,0.5228083849530295,0.9069767441860465,0.1518987341772152,0.20895522388059698,0.6939374185136898,0.023255813953488372,0.0224502886465683,0.6000000000000001,0.6093749999999999,0.0,0.0,0.0,0.2759740259740259,0.18032786885245905,0.058441558441558454,0.0,0.09090909090909091,0.0033222591362126247,0.2727272727272727,0.1732283464566929,0.5093795093795095,0.0,0.318
0.0,0.0,0.0,1.0,0.0,1.0,0.569331158238174,0.5228083849530295,0.9069767441860465,0.1518987341772152,0.20895522388059698,0.6939374185136898,0.023255813953488372,0.0224502886465683,0.6000000000000001,0.6093749999999999,0.0,0.0,0.0,0.2759740259740259,0.18032786885245905,0.058441558441558454,0.0,0.09090909090909091,0.0033222591362126247,0.36363636363636365,0.13976377952755903,0.5122655122655123,0.0,0.415
0.0,0.0,0.0,1.0,0.0,1.0,0.569331158238174,0.5228083849530295,0.9069767441860465,0.1518987341772152,0.20895522388059698,0.6939374185136898,0.023255813953488372,0.0224502886465683,0.6000000000000001,0.6093749999999999,0.0,0.0,0.0,0.2759740259740259,0.18032786885245905,0.058441558441558454,0.0,0.09090909090909091,0.0033222591362126247,0.45454545454545453,0.11614173228346455,0.5151515151515152,0.0,0.4970000000000001
0.0,0.0,0.0,1.0,0.0,1.0,0.569331158238174,0.5228083849530295,0.9069767441860465,0.1518987341772152,0.20895522388059698,0.6939374185136898,0.023255813953488372,0.0224502886465683,0.6000000000000001,0.6093749999999999,0.0,0.0,0.0,0.2759740259740259,0.18032786885245905,0.058441558441558454,0.0,0.09090909090909091,0.0033222591362126247,0.5454545454545454,0.10039370078740156,0.5194805194805195,0.0,0.563
0.0,0.0,0.0,1.0,0.0,1.0,0.569331158238174,0.5228083849530295,0.9069767441860465,0.1518987341772152,0.20895522388059698,0.6939374185136898,0.023255813953488372,0.0224502886465683,0.6000000000000001,0.6093749999999999,0.0,0.0,0.0,0.2759740259740259,0.18032786885245905,0.058441558441558454,0.0,0.09090909090909091,0.0033222591362126247,0.6363636363636364,0.08661417322834646,0.5238095238095238,0.0,0.619
0.0,0.0,0.0,1.0,0.0,1.0,0.569331158238174,0.5228083849530295,0.9069767441860465,0.1518987341772152,0.20895522388059698,0.6939374185136898,0.023255813953488372,0.0224502886465683,0.6000000000000001,0.6093749999999999,0.0,0.0,0.0,0.2759740259740259,0.18032786885245905,0.058441558441558454,0.0,0.09090909090909091,0.0033222591362126247,0.7272727272727273,0.0748031496062992,0.5295815295815296,0.0,0.667
0.0,0.0,0.0,1.0,0.0,1.0,0.569331158238174,0.5228083849530295,0.9069767441860465,0.1518987341772152,0.20895522388059698,0.6939374185136898,0.023255813953488372,0.0224502886465683,0.6000000000000001,0.6093749999999999,0.0,0.0,0.0,0.2759740259740259,0.18032786885245905,0.058441558441558454,0.0,0.09090909090909091,0.0033222591362126247,0.8181818181818182,0.06692913385826772,0.5346320346320347,0.0,0.7070000000000001
0.0,0.0,0.0,1.0,0.0,1.0,0.569331158238174,0.5228083849530295,0.9069767441860465,0.1518987341772152,0.20895522388059698,0.6939374185136898,0.023255813953488372,0.0224502886465683,0.6000000000000001,0.6093749999999999,0.0,0.0,0.0,0.2759740259740259,0.18032786885245905,0.058441558441558454,0.0,0.09090909090909091,0.0033222591362126247,0.9090909090909091,0.05905511811023621,0.5367965367965369,0.0,0.737
0.0,0.0,0.0,1.0,0.0,1.0,0.569331158238174,0.5228083849530295,0.9069767441860465,0.1518987341772152,0.20895522388059698,0.6939374185136898,0.023255813953488372,0.0224502886465683,0.6000000000000001,0.6093749999999999,0.0,0.0,0.0,0.2759740259740259,0.18032786885245905,0.058441558441558454,0.0,0.09090909090909091,0.0033222591362126247,1.0,0.053149606299212594,0.5382395382395383,0.0,0.7609999999999999
0.0,0.0,0.0,1.0,1.0,0.5,0.5986949429037528,0.4860114041924764,0.8488372093023256,0.26582278481012656,0.7761194029850745,0.7079530638852674,0.06976744186046512,0.024374599101988442,0.0,0.5703125,0.0,0.0,0.2,0.00974025974025974,0.2167577413479053,0.0432900432900433,0.0,0.09090909090909091,0.0033222591362126247,0.0,0.6692913385826771,0.7481962481962483,1.0,0.02
0.0,0.0,0.0,1.0,1.0,0.5,0.5986949429037528,0.4860114041924764,0.8488372093023256,0.26582278481012656,0.7761194029850745,0.7079530638852674,0.06976744186046512,0.024374599101988442,0.0,0.5703125,0.0,0.0,0.2,0.00974025974025974,0.2167577413479053,0.0432900432900433,0.0,0.09090909090909091,0.0033222591362126247,0.09090909090909091,0.4370078740157479,0.7453102453102454,1.0,0.048
0.0,0.0,0.0,1.0,1.0,0.5,0.5986949429037528,0.4860114041924764,0.8488372093023256,0.26582278481012656,0.7761194029850745,0.7079530638852674,0.06976744186046512,0.024374599101988442,0.0,0.5703125,0.0,0.0,0.2,0.00974025974025974,0.2167577413479053,0.0432900432900433,0.0,0.09090909090909091,0.0033222591362126247,0.18181818181818182,0.3208661417322834,0.7417027417027419,1.0,0.095
0.0,0.0,0.0,1.0,1.0,0.5,0.5986949429037528,0.4860114041924764,0.8488372093023256,0.26582278481012656,0.7761194029850745,0.7079530638852674,0.06976744186046512,0.024374599101988442,0.0,0.5703125,0.0,0.0,0.2,0.00974025974025974,0.2167577413479053,0.0432900432900433,0.0,0.09090909090909091,0.0033222591362126247,0.2727272727272727,0.2519685039370078,0.7388167388167389,1.0,0.15
0.0,0.0,0.0,1.0,1.0,0.5,0.5986949429037528,0.4860114041924764,0.8488372093023256,0.26582278481012656,0.7761194029850745,0.7079530638852674,0.06976744186046512,0.024374599101988442,0.0,0.5703125,0.0,0.0,0.2,0.00974025974025974,0.2167577413479053,0.0432900432900433,0.0,0.09090909090909091,0.0033222591362126247,0.36363636363636365,0.2066929133858267,0.7380952380952382,1.0,0.208
0.0,0.0,0.0,1.0,1.0,0.5,0.5986949429037528,0.4860114041924764,0.8488372093023256,0.26582278481012656,0.7761194029850745,0.7079530638852674,0.06976744186046512,0.024374599101988442,0.0,0.5703125,0.0,0.0,0.2,0.00974025974025974,0.2167577413479053,0.0432900432900433,0.0,0.09090909090909091,0.0033222591362126247,0.45454545454545453,0.1732283464566929,0.7373737373737375,1.0,0.267
0.0,0.0,0.0,1.0,1.0,0.5,0.5986949429037528,0.4860114041924764,0.8488372093023256,0.26582278481012656,0.7761194029850745,0.7079530638852674,0.06976744186046512,0.024374599101988442,0.0,0.5703125,0.0,0.0,0.2,0.00974025974025974,0.2167577413479053,0.0432900432900433,0.0,0.09090909090909091,0.0033222591362126247,0.5454545454545454,0.1496062992125984,0.7380952380952382,1.0,0.32299999999999995
0.0,0.0,0.0,1.0,1.0,0.5,0.5986949429037528,0.4860114041924764,0.8488372093023256,0.26582278481012656,0.7761194029850745,0.7079530638852674,0.06976744186046512,0.024374599101988442,0.0,0.5703125,0.0,0.0,0.2,0.00974025974025974,0.2167577413479053,0.0432900432900433,0.0,0.09090909090909091,0.0033222591362126247,0.6363636363636364,0.12992125984251968,0.7352092352092354,1.0,0.378
0.0,0.0,0.0,1.0,1.0,0.5,0.5986949429037528,0.4860114041924764,0.8488372093023256,0.26582278481012656,0.7761194029850745,0.7079530638852674,0.06976744186046512,0.024374599101988442,0.0,0.5703125,0.0,0.0,0.2,0.00974025974025974,0.2167577413479053,0.0432900432900433,0.0,0.09090909090909091,0.0033222591362126247,0.7272727272727273,0.11417322834645667,0.7301587301587303,1.0,0.428
0.0,0.0,0.0,1.0,1.0,0.5,0.5986949429037528,0.4860114041924764,0.8488372093023256,0.26582278481012656,0.7761194029850745,0.7079530638852674,0.06976744186046512,0.024374599101988442,0.0,0.5703125,0.0,0.0,0.2,0.00974025974025974,0.2167577413479053,0.0432900432900433,0.0,0.09090909090909091,0.0033222591362126247,0.8181818181818182,0.10236220472440945,0.7243867243867244,1.0,0.475
0.0,0.0,0.0,1.0,1.0,0.5,0.5986949429037528,0.4860114041924764,0.8488372093023256,0.26582278481012656,0.7761194029850745,0.7079530638852674,0.06976744186046512,0.024374599101988442,0.0,0.5703125,0.0,0.0,0.2,0.00974025974025974,0.2167577413479053,0.0432900432900433,0.0,0.09090909090909091,0.0033222591362126247,0.9090909090909091,0.0905511811023622,0.7150072150072151,1.0,0.519
0.0,0.0,0.0,1.0,1.0,0.5,0.5986949429037528,0.4860114041924764,0.8488372093023256,0.26582278481012656,0.7761194029850745,0.7079530638852674,0.06976744186046512,0.024374599101988442,0.0,0.5703125,0.0,0.0,0.2,0.00974025974025974,0.2167577413479053,0.0432900432900433,0.0,0.09090909090909091,0.0033222591362126247,1.0,0.08267716535433071,0.7034632034632036,1.0,0.5579999999999999
0.0,0.0,0.0,0.25,0.5,1.0,0.6851549755301801,0.5225007178898141,0.5116279069767442,0.430379746835443,0.21641791044776115,0.7082790091264668,0.032558139534883714,0.1334188582424631,0.0,0.5468749999999999,0.0,0.0,0.2,0.0,0.1074681238615665,0.006132756132756131,0.5555555555555556,0.5454545454545454,0.0830564784053156,0.0,0.5984251968503936,0.17532467532467538,0.0,0.02
0.0,0.0,0.0,0.25,0.5,1.0,0.6851549755301801,0.5225007178898141,0.5116279069767442,0.430379746835443,0.21641791044776115,0.7082790091264668,0.032558139534883714,0.1334188582424631,0.0,0.5468749999999999,0.0,0.0,0.2,0.0,0.1074681238615665,0.006132756132756131,0.5555555555555556,0.5454545454545454,0.0830564784053156,0.09090909090909091,0.3956692913385826,0.16522366522366524,0.0,0.07400000000000001
0.0,0.0,0.0,0.25,0.5,1.0,0.6851549755301801,0.5225007178898141,0.5116279069767442,0.430379746835443,0.21641791044776115,0.7082790091264668,0.032558139534883714,0.1334188582424631,0.0,0.5468749999999999,0.0,0.0,0.2,0.0,0.1074681238615665,0.006132756132756131,0.5555555555555556,0.5454545454545454,0.0830564784053156,0.18181818181818182,0.29330708661417326,0.183982683982684,0.0,0.139
0.0,0.0,0.0,0.25,0.5,1.0,0.6851549755301801,0.5225007178898141,0.5116279069767442,0.430379746835443,0.21641791044776115,0.7082790091264668,0.032558139534883714,0.1334188582424631,0.0,0.5468749999999999,0.0,0.0,0.2,0.0,0.1074681238615665,0.006132756132756131,0.5555555555555556,0.5454545454545454,0.0830564784053156,0.2727272727272727,0.23031496062992124,0.21861471861471865,0.0,0.21
0.0,0.0,0.0,0.25,0.5,1.0,0.6851549755301801,0.5225007178898141,0.5116279069767442,0.430379746835443,0.21641791044776115,0.7082790091264668,0.032558139534883714,0.1334188582424631,0.0,0.5468749999999999,0.0,0.0,0.2,0.0,0.1074681238615665,0.006132756132756131,0.5555555555555556,0.5454545454545454,0.0830564784053156,0.36363636363636365,0.1889763779527559,0.26623376623376627,0.0,0.282
0.0,0.0,0.0,0.25,0.5,1.0,0.6851549755301801,0.5225007178898141,0.5116279069767442,0.430379746835443,0.21641791044776115,0.7082790091264668,0.032558139534883714,0.1334188582424631,0.0,0.5468749999999999,0.0,0.0,0.2,0.0,0.1074681238615665,0.006132756132756131,0.5555555555555556,0.5454545454545454,0.0830564784053156,0.45454545454545453,0.15748031496062992,0.32034632034632043,0.0,0.353
0.0,0.0,0.0,0.25,0.5,1.0,0.6851549755301801,0.5225007178898141,0.5116279069767442,0.430379746835443,0.21641791044776115,0.7082790091264668,0.032558139534883714,0.1334188582424631,0.0,0.5468749999999999,0.0,0.0,0.2,0.0,0.1074681238615665,0.006132756132756131,0.5555555555555556,0.5454545454545454,0.0830564784053156,0.5454545454545454,0.13582677165354332,0.4076479076479077,0.0,0.426
0.0,0.0,0.0,0.25,0.5,1.0,0.6851549755301801,0.5225007178898141,0.5116279069767442,0.430379746835443,0.21641791044776115,0.7082790091264668,0.032558139534883714,0.1334188582424631,0.0,0.5468749999999999,0.0,0.0,0.2,0.0,0.1074681238615665,0.006132756132756131,0.5555555555555556,0.5454545454545454,0.0830564784053156,0.6363636363636364,0.11811023622047243,0.5288600288600289,0.0,0.518
0.0,0.0,0.0,0.25,0.5,1.0,0.6851549755301801,0.5225007178898141,0.5116279069767442,0.430379746835443,0.21641791044776115,0.7082790091264668,0.032558139534883714,0.1334188582424631,0.0,0.5468749999999999,0.0,0.0,0.2,0.0,0.1074681238615665,0.006132756132756131,0.5555555555555556,0.5454545454545454,0.0830564784053156,0.7272727272727273,0.10433070866141732,0.5317460317460319,0.0,0.595
0.0,0.0,0.0,0.25,0.5,1.0,0.6851549755301801,0.5225007178898141,0.5116279069767442,0.430379746835443,0.21641791044776115,0.7082790091264668,0.032558139534883714,0.1334188582424631,0.0,0.5468749999999999,0.0,0.0,0.2,0.0,0.1074681238615665,0.006132756132756131,0.5555555555555556,0.5454545454545454,0.0830564784053156,0.8181818181818182,0.09251968503937007,0.5331890331890333,0.0,0.6579999999999999
0.0,0.0,0.0,0.25,0.5,1.0,0.6851549755301801,0.5225007178898141,0.5116279069767442,0.430379746835443,0.21641791044776115,0.7082790091264668,0.032558139534883714,0.1334188582424631,0.0,0.5468749999999999,0.0,0.0,0.2,0.0,0.1074681238615665,0.006132756132756131,0.5555555555555556,0.5454545454545454,0.0830564784053156,0.9090909090909091,0.08267716535433071,0.5353535353535354,0.0,0.7070000000000001
0.0,0.0,0.0,0.25,0.5,1.0,0.6851549755301801,0.5225007178898141,0.5116279069767442,0.430379746835443,0.21641791044776115,0.7082790091264668,0.032558139534883714,0.1334188582424631,0.0,0.5468749999999999,0.0,0.0,0.2,0.0,0.1074681238615665,0.006132756132756131,0.5555555555555556,0.5454545454545454,0.0830564784053156,1.0,0.0748031496062992,0.5360750360750361,0.0,0.746
0.5,0.0,0.3333333333333333,1.0,0.5,0.0,0.36052202283850004,0.0045124502604914594,0.8604651162790699,0.10126582278481008,1.0,0.7320730117340286,0.33953488372093016,0.0006414368184733809,0.0,0.703125,0.0,0.0,0.0,0.5227272727272727,1.0,0.9116161616161617,0.0,0.09090909090909091,0.03654485049833887,0.0,0.2952755905511811,0.7626262626262628,0.0,0.03
0.5,0.0,0.3333333333333333,1.0,0.5,0.0,0.36052202283850004,0.0045124502604914594,0.8604651162790699,0.10126582278481008,1.0,0.7320730117340286,0.33953488372093016,0.0006414368184733809,0.0,0.703125,0.0,0.0,0.0,0.5227272727272727,1.0,0.9116161616161617,0.0,0.09090909090909091,0.03654485049833887,0.09090909090909091,0.1889763779527559,0.6305916305916307,0.0,0.097
0.5,0.0,0.3333333333333333,1.0,0.5,0.0,0.36052202283850004,0.0045124502604914594,0.8604651162790699,0.10126582278481008,1.0,0.7320730117340286,0.33953488372093016,0.0006414368184733809,0.0,0.703125,0.0,0.0,0.0,0.5227272727272727,1.0,0.9116161616161617,0.0,0.09090909090909091,0.03654485049833887,0.18181818181818182,0.13779527559055116,0.6291486291486292,0.0,0.207
0.5,0.0,0.3333333333333333,1.0,0.5,0.0,0.36052202283850004,0.0045124502604914594,0.8604651162790699,0.10126582278481008,1.0,0.7320730117340286,0.33953488372093016,0.0006414368184733809,0.0,0.703125,0.0,0.0,0.0,0.5227272727272727,1.0,0.9116161616161617,0.0,0.09090909090909091,0.03654485049833887,0.2727272727272727,0.10433070866141732,0.6284271284271286,0.0,0.335
0.5,0.0,0.3333333333333333,1.0,0.5,0.0,0.36052202283850004,0.0045124502604914594,0.8604651162790699,0.10126582278481008,1.0,0.7320730117340286,0.33953488372093016,0.0006414368184733809,0.0,0.703125,0.0,0.0,0.0,0.5227272727272727,1.0,0.9116161616161617,0.0,0.09090909090909091,0.03654485049833887,0.36363636363636365,0.08464566929133858,0.6284271284271286,0.0,0.449
0.5,0.0,0.3333333333333333,1.0,0.5,0.0,0.36052202283850004,0.0045124502604914594,0.8604651162790699,0.10126582278481008,1.0,0.7320730117340286,0.33953488372093016,0.0006414368184733809,0.0,0.703125,0.0,0.0,0.0,0.5227272727272727,1.0,0.9116161616161617,0.0,0.09090909090909091,0.03654485049833887,0.45454545454545453,0.06889763779527558,0.6284271284271286,0.0,0.536
0.5,0.0,0.3333333333333333,1.0,0.5,0.0,0.36052202283850004,0.0045124502604914594,0.8604651162790699,0.10126582278481008,1.0,0.7320730117340286,0.33953488372093016,0.0006414368184733809,0.0,0.703125,0.0,0.0,0.0,0.5227272727272727,1.0,0.9116161616161617,0.0,0.09090909090909091,0.03654485049833887,0.5454545454545454,0.057086614173228335,0.6313131313131314,0.0,0.593
0.5,0.0,0.3333333333333333,1.0,0.5,0.0,0.36052202283850004,0.0045124502604914594,0.8604651162790699,0.10126582278481008,1.0,0.7320730117340286,0.33953488372093016,0.0006414368184733809,0.0,0.703125,0.0,0.0,0.0,0.5227272727272727,1.0,0.9116161616161617,0.0,0.09090909090909091,0.03654485049833887,0.6363636363636364,0.049212598425196846,0.6341991341991343,0.0,0.639
0.5,0.0,0.3333333333333333,1.0,0.5,0.0,0.36052202283850004,0.0045124502604914594,0.8604651162790699,0.10126582278481008,1.0,0.7320730117340286,0.33953488372093016,0.0006414368184733809,0.0,0.703125,0.0,0.0,0.0,0.5227272727272727,1.0,0.9116161616161617,0.0,0.09090909090909091,0.03654485049833887,0.7272727272727273,0.04133858267716536,0.5122655122655123,0.0,0.703
0.5,0.0,0.3333333333333333,1.0,0.5,0.0,0.36052202283850004,0.0045124502604914594,0.8604651162790699,0.10126582278481008,1.0,0.7320730117340286,0.33953488372093016,0.0006414368184733809,0.0,0.703125,0.0,0.0,0.0,0.5227272727272727,1.0,0.9116161616161617,0.0,0.09090909090909091,0.03654485049833887,0.8181818181818182,0.035433070866141725,0.5252525252525253,0.0,0.989
0.5,0.0,0.3333333333333333,1.0,0.5,0.0,0.36052202283850004,0.0045124502604914594,0.8604651162790699,0.10126582278481008,1.0,0.7320730117340286,0.33953488372093016,0.0006414368184733809,0.0,0.703125,0.0,0.0,0.0,0.5227272727272727,1.0,0.9116161616161617,0.0,0.09090909090909091,0.03654485049833887,0.9090909090909091,0.029527559055118113,0.5324675324675325,0.0,1.123
0.5,0.0,0.3333333333333333,1.0,0.5,0.0,0.36052202283850004,0.0045124502604914594,0.8604651162790699,0.10126582278481008,1.0,0.7320730117340286,0.33953488372093016,0.0006414368184733809,0.0,0.703125,0.0,0.0,0.0,0.5227272727272727,1.0,0.9116161616161617,0.0,0.09090909090909091,0.03654485049833887,1.0,0.025590551181102362,0.5382395382395383,0.0,1.212
1.0,0.0,0.6666666666666666,0.625,0.0,1.0,0.6949429037520402,0.9629363744513271,0.3953488372093023,0.39240506329113933,0.1343283582089552,0.7428292046936116,0.009302325581395349,0.032713277742142395,0.6000000000000001,0.7578124999999999,0.0,0.0,0.4,0.29545454545454547,0.07103825136612023,0.027777777777777783,0.2222222222222222,0.18181818181818182,0.3521594684385382,0.0,0.3818897637795275,0.41991341991341996,0.0,0.04
1.0,0.0,0.6666666666666666,0.625,0.0,1.0,0.6949429037520402,0.9629363744513271,0.3953488372093023,0.39240506329113933,0.1343283582089552,0.7428292046936116,0.009302325581395349,0.032713277742142395,0.6000000000000001,0.7578124999999999,0.0,0.0,0.4,0.29545454545454547,0.07103825136612023,0.027777777777777783,0.2222222222222222,0.18181818181818182,0.3521594684385382,0.09090909090909091,0.2519685039370078,0.4523809523809525,0.0,0.099
1.0,0.0,0.6666666666666666,0.625,0.0,1.0,0.6949429037520402,0.9629363744513271,0.3953488372093023,0.39240506329113933,0.1343283582089552,0.7428292046936116,0.009302325581395349,0.032713277742142395,0.6000000000000001,0.7578124999999999,0.0,0.0,0.4,0.29545454545454547,0.07103825136612023,0.027777777777777783,0.2222222222222222,0.18181818181818182,0.3521594684385382,0.18181818181818182,0.1830708661417323,0.4978354978354979,0.0,0.222
1.0,0.0,0.6666666666666666,0.625,0.0,1.0,0.6949429037520402,0.9629363744513271,0.3953488372093023,0.39240506329113933,0.1343283582089552,0.7428292046936116,0.009302325581395349,0.032713277742142395,0.6000000000000001,0.7578124999999999,0.0,0.0,0.4,0.29545454545454547,0.07103825136612023,0.027777777777777783,0.2222222222222222,0.18181818181818182,0.3521594684385382,0.2727272727272727,0.1437007874015748,0.5252525252525253,0.0,0.374
1.0,0.0,0.6666666666666666,0.625,0.0,1.0,0.6949429037520402,0.9629363744513271,0.3953488372093023,0.39240506329113933,0.1343283582089552,0.7428292046936116,0.009302325581395349,0.032713277742142395,0.6000000000000001,0.7578124999999999,0.0,0.0,0.4,0.29545454545454547,0.07103825136612023,0.027777777777777783,0.2222222222222222,0.18181818181818182,0.3521594684385382,0.36363636363636365,0.11614173228346455,0.5331890331890333,0.0,0.509
1.0,0.0,0.6666666666666666,0.625,0.0,1.0,0.6949429037520402,0.9629363744513271,0.3953488372093023,0.39240506329113933,0.1343283582089552,0.7428292046936116,0.009302325581395349,0.032713277742142395,0.6000000000000001,0.7578124999999999,0.0,0.0,0.4,0.29545454545454547,0.07103825136612023,0.027777777777777783,0.2222222222222222,0.18181818181818182,0.3521594684385382,0.45454545454545453,0.09645669291338582,0.5382395382395383,0.0,0.612
1.0,0.0,0.6666666666666666,0.625,0.0,1.0,0.6949429037520402,0.9629363744513271,0.3953488372093023,0.39240506329113933,0.1343283582089552,0.7428292046936116,0.009302325581395349,0.032713277742142395,0.6000000000000001,0.7578124999999999,0.0,0.0,0.4,0.29545454545454547,0.07103825136612023,0.027777777777777783,0.2222222222222222,0.18181818181818182,0.3521594684385382,0.5454545454545454,0.08070866141732283,0.5411255411255412,0.0,0.687
1.0,0.0,0.6666666666666666,0.625,0.0,1.0,0.6949429037520402,0.9629363744513271,0.3953488372093023,0.39240506329113933,0.1343283582089552,0.7428292046936116,0.009302325581395349,0.032713277742142395,0.6000000000000001,0.7578124999999999,0.0,0.0,0.4,0.29545454545454547,0.07103825136612023,0.027777777777777783,0.2222222222222222,0.18181818181818182,0.3521594684385382,0.6363636363636364,0.06889763779527558,0.5425685425685427,0.0,0.736
1.0,0.0,0.6666666666666666,0.625,0.0,1.0,0.6949429037520402,0.9629363744513271,0.3953488372093023,0.39240506329113933,0.1343283582089552,0.7428292046936116,0.009302325581395349,0.032713277742142395,0.6000000000000001,0.7578124999999999,0.0,0.0,0.4,0.29545454545454547,0.07103825136612023,0.027777777777777783,0.2222222222222222,0.18181818181818182,0.3521594684385382,0.7272727272727273,0.06102362204724409,0.5425685425685427,0.0,0.76
1.0,0.0,0.6666666666666666,0.625,0.0,1.0,0.6949429037520402,0.9629363744513271,0.3953488372093023,0.39240506329113933,0.1343283582089552,0.7428292046936116,0.009302325581395349,0.032713277742142395,0.6000000000000001,0.7578124999999999,0.0,0.0,0.4,0.29545454545454547,0.07103825136612023,0.027777777777777783,0.2222222222222222,0.18181818181818182,0.3521594684385382,0.8181818181818182,0.053149606299212594,0.5425685425685427,0.0,0.778
1.0,0.0,0.6666666666666666,0.625,0.0,1.0,0.6949429037520402,0.9629363744513271,0.3953488372093023,0.39240506329113933,0.1343283582089552,0.7428292046936116,0.009302325581395349,0.032713277742142395,0.6000000000000001,0.7578124999999999,0.0,0.0,0.4,0.29545454545454547,0.07103825136612023,0.027777777777777783,0.2222222222222222,0.18181818181818182,0.3521594684385382,0.9090909090909091,0.04724409448818897,0.5404040404040404,0.0,0.7909999999999999
1.0,0.0,0.6666666666666666,0.625,0.0,1.0,0.6949429037520402,0.9629363744513271,0.3953488372093023,0.39240506329113933,0.1343283582089552,0.7428292046936116,0.009302325581395349,0.032713277742142395,0.6000000000000001,0.7578124999999999,0.0,0.0,0.4,0.29545454545454547,0.07103825136612023,0.027777777777777783,0.2222222222222222,0.18181818181818182,0.3521594684385382,1.0,0.04133858267716536,0.5382395382395383,0.0,0.8009999999999999
0.5,0.0,0.3333333333333333,0.625,1.0,0.5,0.5676998368678635,0.015957665012101618,0.33720930232558144,0.5569620253164558,1.0,0.8230117340286831,0.0883720930232558,0.028223220012828728,0.0,0.3749999999999999,0.0,0.5,0.2,0.1590909090909091,0.2167577413479053,0.03066378066378067,0.0,0.09090909090909091,0.006644518272425249,0.0,0.5748031496062992,0.4841269841269842,1.0,0.01
0.5,0.0,0.3333333333333333,0.625,1.0,0.5,0.5676998368678635,0.015957665012101618,0.33720930232558144,0.5569620253164558,1.0,0.8230117340286831,0.0883720930232558,0.028223220012828728,0.0,0.3749999999999999,0.0,0.5,0.2,0.1590909090909091,0.2167577413479053,0.03066378066378067,0.0,0.09090909090909091,0.006644518272425249,0.09090909090909091,0.3799212598425196,0.645021645021645,1.0,0.05
0.5,0.0,0.3333333333333333,0.625,1.0,0.5,0.5676998368678635,0.015957665012101618,0.33720930232558144,0.5569620253164558,1.0,0.8230117340286831,0.0883720930232558,0.028223220012828728,0.0,0.3749999999999999,0.0,0.5,0.2,0.1590909090909091,0.2167577413479053,0.03066378066378067,0.0,0.09090909090909091,0.006644518272425249,0.18181818181818182,0.281496062992126,0.6414141414141415,1.0,0.118
0.5,0.0,0.3333333333333333,0.625,1.0,0.5,0.5676998368678635,0.015957665012101618,0.33720930232558144,0.5569620253164558,1.0,0.8230117340286831,0.0883720930232558,0.028223220012828728,0.0,0.3749999999999999,0.0,0.5,0.2,0.1590909090909091,0.2167577413479053,0.03066378066378067,0.0,0.09090909090909091,0.006644518272425249,0.2727272727272727,0.2204724409448819,0.6320346320346321,1.0,0.211
0.5,0.0,0.3333333333333333,0.625,1.0,0.5,0.5676998368678635,0.015957665012101618,0.33720930232558144,0.5569620253164558,1.0,0.8230117340286831,0.0883720930232558,0.028223220012828728,0.0,0.3749999999999999,0.0,0.5,0.2,0.1590909090909091,0.2167577413479053,0.03066378066378067,0.0,0.09090909090909091,0.006644518272425249,0.36363636363636365,0.1811023622047244,0.6262626262626263,1.0,0.313
0.5,0.0,0.3333333333333333,0.625,1.0,0.5,0.5676998368678635,0.015957665012101618,0.33720930232558144,0.5569620253164558,1.0,0.8230117340286831,0.0883720930232558,0.028223220012828728,0.0,0.3749999999999999,0.0,0.5,0.2,0.1590909090909091,0.2167577413479053,0.03066378066378067,0.0,0.09090909090909091,0.006644518272425249,0.45454545454545453,0.15157480314960628,0.6219336219336221,1.0,0.411
0.5,0.0,0.3333333333333333,0.625,1.0,0.5,0.5676998368678635,0.015957665012101618,0.33720930232558144,0.5569620253164558,1.0,0.8230117340286831,0.0883720930232558,0.028223220012828728,0.0,0.3749999999999999,0.0,0.5,0.2,0.1590909090909091,0.2167577413479053,0.03066378066378067,0.0,0.09090909090909091,0.006644518272425249,0.5454545454545454,0.12992125984251968,0.6204906204906205,1.0,0.4970000000000001
0.5,0.0,0.3333333333333333,0.625,1.0,0.5,0.5676998368678635,0.015957665012101618,0.33720930232558144,0.5569620253164558,1.0,0.8230117340286831,0.0883720930232558,0.028223220012828728,0.0,0.3749999999999999,0.0,0.5,0.2,0.1590909090909091,0.2167577413479053,0.03066378066378067,0.0,0.09090909090909091,0.006644518272425249,0.6363636363636364,0.1122047244094488,0.6183261183261184,1.0,0.569
0.5,0.0,0.3333333333333333,0.625,1.0,0.5,0.5676998368678635,0.015957665012101618,0.33720930232558144,0.5569620253164558,1.0,0.8230117340286831,0.0883720930232558,0.028223220012828728,0.0,0.3749999999999999,0.0,0.5,0.2,0.1590909090909091,0.2167577413479053,0.03066378066378067,0.0,0.09090909090909091,0.006644518272425249,0.7272727272727273,0.09842519685039369,0.6176046176046177,1.0,0.628
0.5,0.0,0.3333333333333333,0.625,1.0,0.5,0.5676998368678635,0.015957665012101618,0.33720930232558144,0.5569620253164558,1.0,0.8230117340286831,0.0883720930232558,0.028223220012828728,0.0,0.3749999999999999,0.0,0.5,0.2,0.1590909090909091,0.2167577413479053,0.03066378066378067,0.0,0.09090909090909091,0.006644518272425249,0.8181818181818182,0.08858267716535431,0.616883116883117,1.0,0.675
0.5,0.0,0.3333333333333333,0.625,1.0,0.5,0.5676998368678635,0.015957665012101618,0.33720930232558144,0.5569620253164558,1.0,0.8230117340286831,0.0883720930232558,0.028223220012828728,0.0,0.3749999999999999,0.0,0.5,0.2,0.1590909090909091,0.2167577413479053,0.03066378066378067,0.0,0.09090909090909091,0.006644518272425249,0.9090909090909091,0.07874015748031496,0.6176046176046177,1.0,0.7140000000000001
0.5,0.0,0.3333333333333333,0.625,1.0,0.5,0.5676998368678635,0.015957665012101618,0.33720930232558144,0.5569620253164558,1.0,0.8230117340286831,0.0883720930232558,0.028223220012828728,0.0,0.3749999999999999,0.0,0.5,0.2,0.1590909090909091,0.2167577413479053,0.03066378066378067,0.0,0.09090909090909091,0.006644518272425249,1.0,0.07086614173228345,0.6176046176046177,1.0,0.746
1.0,0.0,0.6666666666666666,1.0,1.0,0.5,0.6769983686786276,0.9167452926939326,0.7674418604651162,0.16455696202531647,0.6716417910447762,0.8347457627118643,0.09767441860465116,0.08531109685695956,0.0,0.41406249999999994,0.0,0.0,0.2,0.00974025974025974,0.2167577413479053,0.01803751803751804,0.0,0.18181818181818182,0.0033222591362126247,0.0,0.637795275590551,0.9502164502164503,1.0,0.02
1.0,0.0,0.6666666666666666,1.0,1.0,0.5,0.6769983686786276,0.9167452926939326,0.7674418604651162,0.16455696202531647,0.6716417910447762,0.8347457627118643,0.09767441860465116,0.08531109685695956,0.0,0.41406249999999994,0.0,0.0,0.2,0.00974025974025974,0.2167577413479053,0.01803751803751804,0.0,0.18181818181818182,0.0033222591362126247,0.09090909090909091,0.4271653543307086,0.8831168831168832,1.0,0.061
1.0,0.0,0.6666666666666666,1.0,1.0,0.5,0.6769983686786276,0.9167452926939326,0.7674418604651162,0.16455696202531647,0.6716417910447762,0.8347457627118643,0.09767441860465116,0.08531109685695956,0.0,0.41406249999999994,0.0,0.0,0.2,0.00974025974025974,0.2167577413479053,0.01803751803751804,0.0,0.18181818181818182,0.0033222591362126247,0.18181818181818182,0.3188976377952756,0.8564213564213566,1.0,0.122
1.0,0.0,0.6666666666666666,1.0,1.0,0.5,0.6769983686786276,0.9167452926939326,0.7674418604651162,0.16455696202531647,0.6716417910447762,0.8347457627118643,0.09767441860465116,0.08531109685695956,0.0,0.41406249999999994,0.0,0.0,0.2,0.00974025974025974,0.2167577413479053,0.01803751803751804,0.0,0.18181818181818182,0.0033222591362126247,0.2727272727272727,0.2519685039370078,0.8318903318903321,1.0,0.191
1.0,0.0,0.6666666666666666,1.0,1.0,0.5,0.6769983686786276,0.9167452926939326,0.7674418604651162,0.16455696202531647,0.6716417910447762,0.8347457627118643,0.09767441860465116,0.08531109685695956,0.0,0.41406249999999994,0.0,0.0,0.2,0.00974025974025974,0.2167577413479053,0.01803751803751804,0.0,0.18181818181818182,0.0033222591362126247,0.36363636363636365,0.2066929133858267,0.8095238095238096,1.0,0.261
1.0,0.0,0.6666666666666666,1.0,1.0,0.5,0.6769983686786276,0.9167452926939326,0.7674418604651162,0.16455696202531647,0.6716417910447762,0.8347457627118643,0.09767441860465116,0.08531109685695956,0.0,0.41406249999999994,0.0,0.0,0.2,0.00974025974025974,0.2167577413479053,0.01803751803751804,0.0,0.18181818181818182,0.0033222591362126247,0.45454545454545453,0.1732283464566929,0.7886002886002886,1.0,0.326
1.0,0.0,0.6666666666666666,1.0,1.0,0.5,0.6769983686786276,0.9167452926939326,0.7674418604651162,0.16455696202531647,0.6716417910447762,0.8347457627118643,0.09767441860465116,0.08531109685695956,0.0,0.41406249999999994,0.0,0.0,0.2,0.00974025974025974,0.2167577413479053,0.01803751803751804,0.0,0.18181818181818182,0.0033222591362126247,0.5454545454545454,0.1496062992125984,0.7712842712842715,1.0,0.384
1.0,0.0,0.6666666666666666,1.0,1.0,0.5,0.6769983686786276,0.9167452926939326,0.7674418604651162,0.16455696202531647,0.6716417910447762,0.8347457627118643,0.09767441860465116,0.08531109685695956,0.0,0.41406249999999994,0.0,0.0,0.2,0.00974025974025974,0.2167577413479053,0.01803751803751804,0.0,0.18181818181818182,0.0033222591362126247,0.6363636363636364,0.12992125984251968,0.7561327561327562,1.0,0.4370000000000001
1.0,0.0,0.6666666666666666,1.0,1.0,0.5,0.6769983686786276,0.9167452926939326,0.7674418604651162,0.16455696202531647,0.6716417910447762,0.8347457627118643,0.09767441860465116,0.08531109685695956,0.0,0.41406249999999994,0.0,0.0,0.2,0.00974025974025974,0.2167577413479053,0.01803751803751804,0.0,0.18181818181818182,0.0033222591362126247,0.7272727272727273,0.11417322834645667,0.7424242424242424,1.0,0.484
1.0,0.0,0.6666666666666666,1.0,1.0,0.5,0.6769983686786276,0.9167452926939326,0.7674418604651162,0.16455696202531647,0.6716417910447762,0.8347457627118643,0.09767441860465116,0.08531109685695956,0.0,0.41406249999999994,0.0,0.0,0.2,0.00974025974025974,0.2167577413479053,0.01803751803751804,0.0,0.18181818181818182,0.0033222591362126247,0.8181818181818182,0.10236220472440945,0.7272727272727274,1.0,0.526
1.0,0.0,0.6666666666666666,1.0,1.0,0.5,0.6769983686786276,0.9167452926939326,0.7674418604651162,0.16455696202531647,0.6716417910447762,0.8347457627118643,0.09767441860465116,0.08531109685695956,0.0,0.41406249999999994,0.0,0.0,0.2,0.00974025974025974,0.2167577413479053,0.01803751803751804,0.0,0.18181818181818182,0.0033222591362126247,0.9090909090909091,0.09251968503937007,0.7113997113997115,1.0,0.565
1.0,0.0,0.6666666666666666,1.0,1.0,0.5,0.6769983686786276,0.9167452926939326,0.7674418604651162,0.16455696202531647,0.6716417910447762,0.8347457627118643,0.09767441860465116,0.08531109685695956,0.0,0.41406249999999994,0.0,0.0,0.2,0.00974025974025974,0.2167577413479053,0.01803751803751804,0.0,0.18181818181818182,0.0033222591362126247,1.0,0.08267716535433071,0.6933621933621934,1.0,0.602
0.0,0.0,0.0,0.625,0.0,0.5,0.11908646003262637,0.46535668868195423,0.6046511627906976,0.06329113924050639,0.6119402985074627,0.8546284224250327,0.023255813953488372,0.004490057729313666,0.6000000000000001,0.8671874999999999,0.0,0.0,0.0,0.38636363636363635,0.27140255009107467,0.06890331890331891,0.0,0.09090909090909091,0.0033222591362126247,0.0,0.31496062992125984,0.6002886002886004,1.0,0.02
0.0,0.0,0.0,0.625,0.0,0.5,0.11908646003262637,0.46535668868195423,0.6046511627906976,0.06329113924050639,0.6119402985074627,0.8546284224250327,0.023255813953488372,0.004490057729313666,0.6000000000000001,0.8671874999999999,0.0,0.0,0.0,0.38636363636363635,0.27140255009107467,0.06890331890331891,0.0,0.09090909090909091,0.0033222591362126247,0.09090909090909091,0.2047244094488189,0.6017316017316018,1.0,0.086
0.0,0.0,0.0,0.625,0.0,0.5,0.11908646003262637,0.46535668868195423,0.6046511627906976,0.06329113924050639,0.6119402985074627,0.8546284224250327,0.023255813953488372,0.004490057729313666,0.6000000000000001,0.8671874999999999,0.0,0.0,0.0,0.38636363636363635,0.27140255009107467,0.06890331890331891,0.0,0.09090909090909091,0.0033222591362126247,0.18181818181818182,0.14763779527559054,0.6031746031746033,1.0,0.189
0.0,0.0,0.0,0.625,0.0,0.5,0.11908646003262637,0.46535668868195423,0.6046511627906976,0.06329113924050639,0.6119402985074627,0.8546284224250327,0.023255813953488372,0.004490057729313666,0.6000000000000001,0.8671874999999999,0.0,0.0,0.0,0.38636363636363635,0.27140255009107467,0.06890331890331891,0.0,0.09090909090909091,0.0033222591362126247,0.2727272727272727,0.11417322834645667,0.6060606060606062,1.0,0.305
0.0,0.0,0.0,0.625,0.0,0.5,0.11908646003262637,0.46535668868195423,0.6046511627906976,0.06329113924050639,0.6119402985074627,0.8546284224250327,0.023255813953488372,0.004490057729313666,0.6000000000000001,0.8671874999999999,0.0,0.0,0.0,0.38636363636363635,0.27140255009107467,0.06890331890331891,0.0,0.09090909090909091,0.0033222591362126247,0.36363636363636365,0.0905511811023622,0.6075036075036075,1.0,0.415
0.0,0.0,0.0,0.625,0.0,0.5,0.11908646003262637,0.46535668868195423,0.6046511627906976,0.06329113924050639,0.6119402985074627,0.8546284224250327,0.023255813953488372,0.004490057729313666,0.6000000000000001,0.8671874999999999,0.0,0.0,0.0,0.38636363636363635,0.27140255009107467,0.06890331890331891,0.0,0.09090909090909091,0.0033222591362126247,0.45454545454545453,0.0748031496062992,0.6125541125541126,1.0,0.479
0.0,0.0,0.0,0.625,0.0,0.5,0.11908646003262637,0.46535668868195423,0.6046511627906976,0.06329113924050639,0.6119402985074627,0.8546284224250327,0.023255813953488372,0.004490057729313666,0.6000000000000001,0.8671874999999999,0.0,0.0,0.0,0.38636363636363635,0.27140255009107467,0.06890331890331891,0.0,0.09090909090909091,0.0033222591362126247,0.5454545454545454,0.06299212598425197,0.6161616161616164,1.0,0.531
0.0,0.0,0.0,0.625,0.0,0.5,0.11908646003262637,0.46535668868195423,0.6046511627906976,0.06329113924050639,0.6119402985074627,0.8546284224250327,0.023255813953488372,0.004490057729313666,0.6000000000000001,0.8671874999999999,0.0,0.0,0.0,0.38636363636363635,0.27140255009107467,0.06890331890331891,0.0,0.09090909090909091,0.0033222591362126247,0.6363636363636364,0.053149606299212594,0.6204906204906205,1.0,0.5760000000000001
0.0,0.0,0.0,0.625,0.0,0.5,0.11908646003262637,0.46535668868195423,0.6046511627906976,0.06329113924050639,0.6119402985074627,0.8546284224250327,0.023255813953488372,0.004490057729313666,0.6000000000000001,0.8671874999999999,0.0,0.0,0.0,0.38636363636363635,0.27140255009107467,0.06890331890331891,0.0,0.09090909090909091,0.0033222591362126247,0.7272727272727273,0.0452755905511811,0.611832611832612,1.0,0.684
0.0,0.0,0.0,0.625,0.0,0.5,0.11908646003262637,0.46535668868195423,0.6046511627906976,0.06329113924050639,0.6119402985074627,0.8546284224250327,0.023255813953488372,0.004490057729313666,0.6000000000000001,0.8671874999999999,0.0,0.0,0.0,0.38636363636363635,0.27140255009107467,0.06890331890331891,0.0,0.09090909090909091,0.0033222591362126247,0.8181818181818182,0.03937007874015748,0.6139971139971141,1.0,0.711
0.0,0.0,0.0,0.625,0.0,0.5,0.11908646003262637,0.46535668868195423,0.6046511627906976,0.06329113924050639,0.6119402985074627,0.8546284224250327,0.023255813953488372,0.004490057729313666,0.6000000000000001,0.8671874999999999,0.0,0.0,0.0,0.38636363636363635,0.27140255009107467,0.06890331890331891,0.0,0.09090909090909091,0.0033222591362126247,0.9090909090909091,0.033464566929133854,0.6161616161616164,1.0,0.7340000000000001
0.0,0.0,0.0,0.625,0.0,0.5,0.11908646003262637,0.46535668868195423,0.6046511627906976,0.06329113924050639,0.6119402985074627,0.8546284224250327,0.023255813953488372,0.004490057729313666,0.6000000000000001,0.8671874999999999,0.0,0.0,0.0,0.38636363636363635,0.27140255009107467,0.06890331890331891,0.0,0.09090909090909091,0.0033222591362126247,1.0,0.029527559055118113,0.6190476190476192,1.0,0.753
